<TEI xmlns="http://www.tei-c.org/ns/1.0" xml:id="aok_REG_Persons">
   <teiHeader>
      <fileDesc>
         <titleStmt>
            <title>Personenregister aus der Erzählsammlung Ringelnatz' Nervosipopel</title>
            <author>
               <persName>Susanne Höfer</persName>
            </author> 
         </titleStmt>
         <editionStmt>
            <edition>Version 1.0</edition>
         </editionStmt>
         <publicationStmt>
            <publisher>
               <orgName>
                  <ref target="https://www.deutschestextarchiv.de/">Deutsches Textarchiv</ref>
               </orgName>
            </publisher>
         </publicationStmt>
         <sourceDesc>
            <p>born digital</p>
         </sourceDesc>
      </fileDesc>
   </teiHeader>
   <text>
      <body>
         <div>
            <head>Personenregister</head>
            <p>Das Personenregister enthält alle Personen, die in Ringelnatz' Nervosipopel-Textsammlung erwähnt werden, bzw. mit diesem in Verbindung stehen.</p>
            <listPerson xml:id="ringelnatz_persons">
               <person xml:id="ringelnatz" role="Autor">
               <persName ref="ringelnatz">
                  <reg>Ringelnatz, Joachim</reg>
                  <surname>Ringelnatz</surname>
                  <forename>Joachim</forename>
                  <addName>Böttcher, Hans Gustav</addName>
                  <idno type="URI">https://viaf.org/processed/WKP%7CQ552038</idno>
                  <idno type="VIAF">19459</idno>
               </persName>
               <sex value="M"/>
               <birth>
                  <date when-iso="1883"/>
                  <placeName>Wurzen, Sachsen, Deutschland</placeName>
               </birth>
               <death>
                  <date when-iso="1934"/>
                  <placeName>Berlin, Berlin, Deutschland</placeName>
               </death>
                  <note resp="wikipedia">Joachim Ringelnatz war vor allem für humoristische Gedichte um die Kunstfigur Kuttel Daddeldu bekannt ist. Er war bekannt zur Zeit der Weimarer Republik und zählte Schauspieler wie Asta Nielsen und Paul Wegener zu seinen engen Freunden und Weggefährten. Sein witziges und geistreiches, teils skurriles und expressionistisches Werk ist noch heute bekannt.</note>
                  <note resp="wikipedia">Schriftsteller von Erzählsammlung Nervosipopel</note>
                  <note resp="wikipedia">Beruf: Schriftsteller,Kabarettist, Maler</note>
               </person>
               
               
               
               <person xml:id="daddeldu_feix" ana="nervosipopel">
                  <persName ref="daddeldu_feix"> 
                     <forename>Feix</forename>
                     <surname>Daddeldu</surname>
                     <roleName>Hauptfigur</roleName>
                     <reg>Feix Daddeldu</reg>
                  </persName>
                  <sex value="M"/>
                  <note type="handlung">Hauptfigur der Geschichte, ein junger Mann mit eigensinnigem Verhalten und einem besonderen Lachen.</note>
               </person>
               
               <person xml:id="daddeldu_kuttel" ana="nervosipopel">
                  <persName ref="daddeldu_kuttel">
                     <forename>Kuttel</forename>
                     <surname>Daddeldu</surname>
                     <roleName>Bruder</roleName>
                     <reg>Kuttel Daddeldu</reg>
                  </persName>
                  <sex value="M"/>
                  <note type="handlung">Bruder von Feix Daddeldu. Kuttel wird in der Geschichte erwähnt, wie er Feix wegen dessen Verhalten verprügelt.</note>
               </person>
               
               <person xml:id="bulverin_herr" ana="nervosipopel">
                  <persName ref="bulverin_herr">
                     <persPronouns>Herr</persPronouns>
                     <forename>unbekannt</forename>
                     <surname>Bulverin</surname>
                     <roleName>Drogist</roleName>
                     <reg>Herr Bulverin</reg>
                  </persName>
                  <sex value="M"/>
                  <note type="handlung">Der Drogist, bei dem Feix eine Lehre macht. Er berichtet gut über Feix, obwohl er zunehmend nervöser wird wegen der Unordnung in seiner Drogerie.</note>
               </person>
               
               <person xml:id="bulverin_frau" ana="nervosipopel">
                  <persName>
                     <persPronouns>Frau</persPronouns>
                     <forename>unbekannt</forename>
                     <surname>Bulverin</surname>
                     <roleName>Ehefrau des Drogisten</roleName>
                     <reg>Frau Bulverin</reg>
                  </persName>
                  <sex value="W"/>
                  <note type="handlung">Die Frau von Herr Bulverin, ebenfalls zunehmend erregbar wegen der Unordnung und seltsamen Vorkommnisse im Haus.</note>
               </person>
               
               <person xml:id="daddeldu_frau" ana="nervosipopel">
                  <persName ref="daddeldu_frau">
                     <persPronouns>Frau</persPronouns>
                     <forename>unbekannt</forename>
                     <surname>Daddeldu</surname>
                     <roleName>Mutter Daddeldu</roleName>
                     <reg>Frau Daddeldu</reg>
                  </persName>
                  <sex value="W"/>
                  <note type="handlung">Mutter von Feix. Sie zeigt sich besorgt über das Verhalten ihres Sohnes und sucht schließlich Hilfe bei einer Fee.</note>
               </person>
               
               <person xml:id="daddeldu_paula" ana="nervosipopel">
                  <persName ref="daddeldu_paula">
                     <forename>Paula</forename>
                     <surname>Daddeldu</surname>
                     <roleName>Familienmitglied der Daddeldus</roleName>
                     <reg>Paula Daddeldu</reg>
                  </persName>
                  <sex value="W"/>
                  <note type="handlung">Ein Mitglied der Familie, dem Feix seinen dressierten Moskito vorführt.</note>
               </person>
               
               <person xml:id="ren" ana="nervosipopel">
                  <persName ref="ren">
                     <forename>Lepopisov</forename>
                     <surname>Ren</surname>
                     <reg>Lepopisov Ren</reg>
                     <roleName>Ehefrau</roleName>
                  </persName>
                  <sex value="W"/>
                  <note type="handlung">Eine Kokotte, die Feix heiratet, nachdem sie von ihm schwanger wurde. Sie stammt aus der Gegend von Russland und lebt mit Feix in bescheidenen Verhältnissen.</note>
               </person>
               
               <person xml:id="poroesel" ana="abseits_der_geographie">
                  <persName>
                     <forename>unbekannt</forename>
                     <surname>Porösel</surname>
                     <roleName>Droschkenkutscher</roleName>
                     <reg>Porösel</reg>
                  </persName>
                  <sex value="M"/>    
                  <note type="handlung">Der Protagonist der Geschichte, ein müder und stumpfer Droschkenkutscher, der von seinem Pferd Ratschläge erhält.</note>
               </person>
               
               <person xml:id="quiekenbach_graf" ana="das_halbe_maerchen_aergerlich">
                  <persName ref="quiekenbach_graf">
                     <title>Graf</title>
                     <forename>unbekannt</forename>
                     <surname>Quiekenbach</surname>
                     <roleName>Protagonist</roleName>
                     <reg>Graf Quiekenbach</reg>
                  </persName>
                  <sex value="M"/>
                  <note type="handlung">Ein ungewöhnlicher und skurriler Charakter, der durch verschiedene bizarre und absurde Situationen geht.</note>
               </person>
               
               <person xml:id="quiekenbach_unbekannt" ana="das_halbe_maerchen_aergerlich">
                  <persName ref="quiekenbach_unbekannt">
                     <forename>unbekannt</forename>
                     <surname>Quiekenbach</surname>
                     <roleName>Mitbewohner</roleName>
                     <reg>unbekannt Quiekenbach, Mitbewohner</reg>
                  </persName>
                  <sex value="M"/>
                  <note type="handlung">Ein Mann, der behauptet, ebenfalls Graf Quiekenbach zu sein und in der gleichen Wohnung zu leben.</note>
               </person>
               
               <person xml:id="dlonuxam" ana="das_halbe_maerchen_aergerlich">
                  <persName ref="dlonuxam">
                     <forename>unbekannt</forename>
                     <surname>Dlonuxam</surname>
                     <roleName>Maler, Freund des Grafen</roleName>
                     <reg>Dlonuxam</reg>
                  </persName>
                  <sex value="M"/>
                  <note type="handlung">Ein arktischer Maler, der spezialisiert ist auf Stilleben und der Freund des Grafen Quiekenbach ist.</note>
               </person>
               
               <person xml:id="hoffmann_eta" ana="das_schlagende_wetter">
                  <persName ref="hoffmann_eta">
                     <forename>Ernst Theodor Amadeus</forename>
                     <surname>Hoffmann</surname>                
                     <roleName>Onkel von Reinhard und Wolfgang Hoffmann</roleName>
                     <reg>ETA Hoffmann</reg>
                  </persName>
                  <sex value="M"/>
                   <note type="handlung">Schriftsteller und Vorbild für die Brüder</note>
               </person>
               
               <person xml:id="hoffmann_reinhard" ana="das_schlagende_wetter">
                  <persName ref="hoffmann_reinhard">
                     <forename>Reinhard</forename>
                     <surname>Hoffmann</surname>
                     <roleName>Bruder von Wolfgang Hoffmann</roleName>
                     <reg>Reinhard Hoffmann</reg>
                  </persName>
                  <sex value="M"/>
                   <note type="handlung">Bohrer und phantasievolle Natur</note>
               </person>
               
               <person xml:id="hoffmann_wolfgang" ana="das_schlagende_wetter">
                  <persName ref="hoffmann_wolfgang">
                     <forename>Wolfgang</forename>
                     <surname>Hoffmann</surname>                  
                     <roleName>Bruder von Reinhard Hoffmann</roleName>      
                     <reg>Wolfgang Hoffmann</reg>
                  </persName>
                  <sex value="M"/>
                  <note type="handlung">Bohrer und geschickter Geschäftsmann</note>
               </person>
               
               <person xml:id="palmartine" ana="der_arme_palmartine">
                  <persName ref="palmartine">
                     <forename>Pilmartine</forename>
                     <surname>unbekannt</surname>
                     <roleName>Französischer Fallschirmspringer</roleName>
                     <reg>Palmartine</reg>
                  </persName>
                  <sex value="M"/>
                  <note type="handlung">plante eine Vorführung eines neuen Fallschirms, stürzte ohne Fallschirm vom Turm und brach sich das Genick.</note>
               </person>
               
               <person xml:id="pappendeik_fidje" ana="der_arme_palmartine">
                  <persName ref="pappendeik_fidje">
                     <forename>Fidje</forename>
                     <surname>Pappendeik</surname>
                     <roleName>Lehrling beim Bürstenhändler</roleName>
                     <reg>Fidje Pappendeik</reg>
                  </persName>
                  <sex value="M"/>
                  <note type="handlung">stahl das Fahrrad des Arztes und flog damit durch die Luft, wurde zum Gegenstand eines Mysteriums und Reichtums, zog sich aber von der Öffentlichkeit zurück.</note>
               </person>
               
               <person xml:id="hohmann" ana="der_arme_palmartine">
                  <persName ref="hohmann">
                     <forename>unbekannt</forename>
                     <surname>Hohmann</surname>
                     <roleName>Bürstenhändler</roleName>
                     <reg>Hohmann, Bürstenhändler</reg>
                  </persName>
                  <sex value="M"/>
                  <note type="handlung">war der Arbeitgeber von Fidje Pappendeik, schützte dessen Privatsphäre vor neugierigen Menschen.</note>
               </person>
               
               <person xml:id="levin" ana="der_arme_palmartine">
                  <persName ref="levin">
                     <forename>Ernst</forename>
                     <surname>Levin</surname>
                     <roleName>Kommerzienrat</roleName>
                     <reg>Ernst Levin</reg>
                  </persName>
                  <sex value="M"/>
                  <note type="handlung">schenkte Fidje Pappendeik ein stattliches Vermögen, starb kurz danach.</note>
               </person>
               
               <person xml:id="kirschrot" ana="der_arme_palmartine">
                  <persName ref="kirschrot">
                     <forename>unbekannt</forename>
                     <surname>Kirschrot</surname>
                     <roleName>Staatsanwalt</roleName>
                     <reg>Kirschrot, Staatsanwalt</reg>
                  </persName>
                  <sex value="M"/> 
                  <note type="handlung">Staatsanwalt im Prozess gegen Fidje Pappendeik, erfand Anklagen, um das Mysterium zu lösen.</note>
               </person>             
               
               <person xml:id="darlingchen" ana="die_walfische_und_die_fremde">
                  <persName ref="darlingchen">
                     <forename>Darlingchen</forename>
                     <surname>unbekannt</surname>
                     <roleName>eine Fremde</roleName>
                     <reg>Darlingchen</reg>
                  </persName>
                  <sex value="W"/>
                  <note type="handlung">war die junge Dame, die die Deutschen um Hilfe bat und sie in ihr Haus einlud.</note>
                  <note type="title">Die Walfische und die Fremde</note>
               </person>
               
               <person xml:id="mutter" ana="die_walfische_und_die_fremde">
                  <persName n="mutter">
                     <forename>unbekannt</forename>
                     <surname>unbekannt</surname>
                     <roleName>Mütterchen: Mutter von Darlingchen</roleName>
                     <reg>Mütterchen, Mutter von Darlingchen</reg>
                  </persName>
                  <sex value="W"/>   
                  <note type="handlung">war die Mutter von Darlingchen, die die deutschen Matrosen in ihrem Haus willkommen hieß.</note>
               </person>
               
               <person xml:id="negerchen" ana="die_walfische_und_die_fremde">
                  <persName ref="negerchen">
                     <forename>unbekannt</forename>
                     <surname>unbekannt</surname>
                     <roleName>Negerchen</roleName>
                     <reg>Negerchen</reg>
                  </persName>
                  <sex value="M"/>
                  <note type="handlung">spielte Zither im Haus von Mütterchen und Darlingchen.</note>
               </person>
               
               <person xml:id="haelterchen" ana="die_walfische_und_die_fremde">
                  <persName ref="haelterchen">
                     <forename>unbekannt</forename>
                     <surname>unbekannt</surname>
                     <roleName>Hälterchen</roleName>
                     <reg>Hälterchen</reg>
                  </persName>
                  <sex value="W"/> 
                  <note type="handlung">war eine mysteriöse Figur, die um das Haus von Mütterchen und Darlingchen herumschlich.</note>
               </person>         
           
               <person xml:id="silbig_mann" ana="diplingens_abwesenheit">
                  <persName ref="silbig_mann">
                        <forename>unbekannt</forename>
                        <surname>Silbig</surname>
                        <roleName>Diplom-Ingenieur</roleName>
                     <reg>Silbig, Dipl.-Ing.</reg>
                     </persName>                   
                     <sex value="M"/>
                     <note type="handlung">Ein reicher Diplom-Ingenieur, bekannt für die Erfindung des sechzigsten Wirbelmotors mit Repetier-Kolben-Schaltung, der in Kufstein neben dem Hotel Auracher wohnt. Er ist verheiratet mit Frau Silbig (auch als Diplingens bekannt) und der Onkel von Hans Oberreich.</note>
                  </person>
                  
               <person xml:id="silbig_frau" ana="diplingens_abwesenheit">
                  <persName ref="silbig_frau">
                        <forename>unbekannt</forename>
                        <surname>Silbig</surname>
                        <roleName>Ehefrau von Herr Silbig</roleName>
                     <reg>Silbig, Ehefrau</reg>
                     </persName>            
                     <sex value="W"/>
                     <note type="handlung">Sie ist die Ehefrau von Herr Silbig und lebt gemeinsam mit ihm in Kufstein ohne Dienstboten. Sie ist die Tante von Hans Oberreich und Miteigentümerin des Goldfisches Bläschen.</note>
                  </person>
                  
               <person xml:id="oberreich" ana="diplingens_abwesenheit">
                     <persName ref="oberreich">
                        <forename>Hans</forename>
                        <surname>Oberreich</surname>
                        <roleName>Neffe von Herr und Frau Silbig</roleName>
                        <reg>Hans Oberreich</reg>
                     </persName>
                     <sex value="M"/>
                     <note type="handlung">Hans ist der Neffe von Herr und Frau Silbig, beruflich als Impresario tätig und oft als störend empfunden. Er besucht seine Verwandten in Kufstein und bringt als Geschenk einen jungen Goldfisch, der sich als junger Walfisch entpuppt.</note>
                  </person>
                  
               <person xml:id="blaeschen" ana="diplingens_abwesenheit">
                  <persName ref="blaeschen">
                        <forename>Bläschen</forename>
                        <surname>unbekannt</surname> 
                        <roleName>Haustier der Silbigs</roleName>
                     <reg>Bläschen</reg>
                     </persName>                   
                     <sex value="N"/>
                     <note type="handlung">Ursprünglich als kleiner Goldfisch von Hans Oberreich nach Kufstein gebracht, wird er von den Silbigs liebevoll gepflegt. Bläschen verwandelt sich schließlich in einen jungen Walfisch und verursacht Chaos in Kufstein und Berlin.</note>
                  </person>
                  
               <person xml:id="tietz" ana="diplingens_abwesenheit">
                     <persName ref="tietz">
                        <forename>Hermann</forename>
                        <surname>Tietz</surname>
                        <roleName>Vertreter der Firma Hermann Tietz</roleName>
                        <reg>Hermann Tietz</reg>
                     </persName>
                     <sex value="M"/>
                     <note type="handlung">Vertreter der Firma Hermann Tietz in Berlin, die den Walfisch kauft. Er ist verantwortlich für den Transport des Walfisches von Kufstein nach Berlin.</note>
                  </person>
               
               
               <person xml:id="bergmann_otto" ana="eheren_und_holzeren">
                  <persName ref="bergmann_otto">
                        <forename>Otto</forename>
                        <surname>Bergmann</surname>
                        <roleName>Autor</roleName>
                     <reg>Otto Bergmann</reg>
                     </persName>
                     <note type="handlung">Buch: Berge und Täler der Äonen</note>
                  </person>
               
               <person xml:id="christi" ana="eheren_und_holzeren"> 
                     <persName ref="christi">
                        <forename>Jesus</forename>
                        <surname>Christi</surname>
                        <roleName>Bezugspunkt für Zeitrechnung</roleName>
                        <reg>Christi</reg>
                     </persName>
                     <note type="handlung">4700 vor Christi Geburt</note>
                  </person>
               
               <person xml:id="holzkopp" ana="eheren_und_holzeren">
                     <persName ref="holzkopp">
                        <title>König</title>
                        <forename>unbekannt</forename>
                        <surname>Holzkopp</surname>
                        <roleName>Greiser König der Eheren</roleName>
                        <reg>König Holzkopp</reg>
                     </persName>
                     <note type="handlung">Erfinder des magnetischen Nordpols</note>
                     <note type="handlung">Interagiert mit Fremdlingen, besonders sympathischen Gästen teilt er Geheimnisse mit</note>
                  </person>
               
               <person xml:id="luluhili" ana="eheren_und_holzeren">
                     <persName ref="luluhili">
                        <forename>Luluhili</forename>
                        <surname>unbekannt</surname>
                        <roleName>Eiserner Kanzler von Phönizien</roleName>
                        <reg>Kanzler Luluhili</reg>
                     </persName>
                     <note type="handlung">Gast im Land der Eheren, interagiert mit König Holzkopp</note>
                  </person>
               
               <person xml:id="mabius" ana="eheren_und_holzeren">
                     <persName ref="mabius">
                        <forename>Mabius</forename>
                        <surname>unbekannt</surname> 
                        <roleName>Degenschlucker aus Mittweida</roleName>
                        <reg>Degenschlucker Mabius</reg>
                     </persName>
                     <note type="handlung">Gast im Land der Eheren, interagiert mit König Holzkopp</note>
                  </person>
               
               <person xml:id="uha" ana="eheren_und_holzeren">
                  <persName ref="uha">
                        <forename>Uha</forename>
                        <surname>unbekannt</surname>
                        <roleName>Großmutter des Königs</roleName>
                     <reg>Großmutter Uha</reg>
                     </persName>
                     <note type="handlung">Übersetzerin des ersten empfangenen Funkspruchs</note>
                     <note type="handlung">Verwandt mit König Holzkopp</note>
                  </person>
               
               <person xml:id="stahlhaupt" ana="eheren_und_holzeren">
                     <persName ref="stahlhaupt_könig">
                        <title>König</title>
                        <forename>unbekannt</forename>
                        <surname>Stahlhaupt</surname>
                        <roleName>König der Holzeren</roleName>
                        <reg>König Stahlhaupt</reg>
                     </persName>
                     <note type="handlung">Erfinder des holznetischen Südpols</note>
                     <note type="handlung">Feind von König Holzkopp und den Eheren, interagiert feindselig mit Fremdlingen</note>
                  </person>
               
               <person xml:id="wlehd" ana="eheren_und_holzeren">
                     <persName ref="wlehd">
                        <forename>Wlehd</forename>
                        <surname/>
                        <roleName>Vikinger Historiker</roleName>
                        <reg>Historiker Wlehd</reg>
                     </persName>
                     <note type="handlung">Erzählt von einer ungeheuren magnetischen Deviation</note>
                     <note type="title">Eheren und Holzeren</note>
                  </person>
            
                  <person xml:id="magda_baumzapf" ana="vom_baumzapf">
                     <persName ref="magda_baumzapf">
                        <forename>Magdalissimus</forename>
                        <surname>Baumzapf</surname>
                        <roleName>Neffe</roleName>
                        <reg>Magdalissimus Baumzapf</reg>
                     </persName>
                     <sex value="M"/>
                     <note type="handlung">Magdalissimus Baumzapf ging zu seinem Onkel.</note>
                     <note type="handlung">Er wurde von seinen Eltern so getauft, um etwas Originelles zu werden.</note>
                     <note type="handlung">Er hasste seinen Onkel, der ihn jedoch liebte.</note>
                     <note type="handlung">Er schenkte seinem Onkel immer wieder Bücher.</note>
                     <note type="handlung">Er bat seinen Onkel um Verzeihung und schenkte ihm Casanovas Memoiren.</note>
                     <note type="handlung">Nach dem Tod seiner Mutter verwendete er die Erbschaft für Reisebeschreibungen und die "Times".</note>
                     <note type="handlung">Er überzeugte seinen Onkel von der Feuersgefahr der Bibliothek.</note>
                     <note type="handlung">Er brachte das letzte Mal Bechsteins Märchen.</note>
                  </person>
               
               <person xml:id="byron" ana="vom_baumzapf">
                     <persName ref="byron">
                            <title>Lord</title> 
                        <forename>George Gordon</forename>
                        <surname>Byron</surname>
                        <roleName>Dichter</roleName>
                        <reg>Lord George Gordon Byron</reg>
                     </persName>
                     <sex value="M"/>
                     <note type="handlung">Bekannt für den Ausspruch, dass zwei Rosse keine Violine nageln.</note>
                  </person>
                  
               <person xml:id="casanova_giacomo" ana="vom_baumzapf">
                  <persName ref="casanova_giacomo">
                        <forename>Giacomo</forename>
                        <surname>Casanova</surname>
                        <roleName>Historische Figur</roleName>
                     <reg>Giacomo Casanova</reg>
                     </persName>
                     <sex value="M"/> 
                     <note type="handlung">Magdalissimus schenkte seinem Onkel Casanovas Memoiren.</note>
                  </person>
                  
                  <person xml:id="meyers" ana="vom_baumzapf">
                     <persName ref="meyers">
                        <forename>unbekannt</forename>
                        <surname>Meyers</surname>
                        <roleName>Enzyklopädist</roleName>
                        <reg>Enzyklopädist Meyers</reg>
                     </persName>
                     <sex value="N"/>      
                     <note type="handlung">Magdalissimus brachte Meyers Lexikon.</note>
                  </person>
                  
                  <person xml:id="luther_martin" ana="vom_baumzapf">
                     <persName ref="luther_martin">
                        <forename>Martin</forename>
                        <surname>Luther</surname>
                        <roleName>Reformator</roleName>
                        <reg>Martin Luther</reg>
                     </persName>
                     <sex value="M"/>       
                     <note type="handlung">Magdalissimus brachte den ganzen Luther.</note>
                  </person>
                  
               <person xml:id="may_karl" ana="vom_baumzapf">
                     <persName ref="may_karl">
                        <forename>Karl</forename>
                        <surname>May</surname>
                        <roleName>Schriftsteller</roleName>
                        <reg>Karl May</reg>
                     </persName>
                     <sex value="M"/>
                     <note type="handlung">Magdalissimus brachte Karl Mays Schriften.</note>
                  </person>
                  
                  <person xml:id="bollermann" ana="vom_baumzapf">
                     <persName ref="bollermann">
                        <forename>unbekannt</forename>
                        <surname>Bollermann</surname>
                        <roleName>Lieferant</roleName>
                     <reg>Lieferant Bollermann</reg>
                     </persName>
                     <sex value="N"/>   
                     <note type="handlung">Lieferte zwei Zentner Kartoffeln.</note>
                  </person>
              
                  <person xml:id="wuppy" ana="vom_tabarz">
                     <persName ref="wuppy">
                        <forename>Wuppy</forename>
                        <surname>unbekannt</surname>
                        <roleName>Hauptfigur</roleName>
                        <reg>Wuppy</reg>
                     </persName>       
                     <sex value="N"/>
                     <note type="handlung">Wuppy ist die Hauptfigur der Geschichte, eine neugierige und unverschämte Fliege, die verschiedene Abenteuer erlebt und am Ende eine philosophische Reflexion durchläuft.</note>
                  </person>
                  
                  <person xml:id="pagel" ana="vom_tabarz">
                     <persName ref="pagel">
                        <forename>unbekannt</forename>
                        <surname>Pagel</surname>
                        <roleName>Nebenfigur, Körnhändler</roleName>
                        <reg>Kornhändler Pagel</reg>
                     </persName>
                     <sex value="M"/>
                     <note type="handlung">Pagel ist ein Kornhändler, der Wuppy in der Eisenbahn stört und indirekt zu ihren weiteren Erlebnissen beiträgt.</note>
                  </person>
                  
                  <person xml:id="tobbold" ana="vom_tabarz">
                     <persName ref="tobbold">
                        <forename>unbekannt</forename>
                        <surname>Tobbold</surname>
                        <roleName>Fliege</roleName>
                        <reg>Fliege Tobbold</reg>
                     </persName>   
                     <sex value="N"/>
                     <note type="handlung">Tobbold ist eine alte, unwissende Fliege, die Wuppy wiedererkennt und deren Zustand sie zur Reflexion über die Degeneration ihrer Art bringt.</note>
                  </person>
                  
                  <person xml:id="nipp_professor" ana="vom_tabarz">
                     <persName ref="nipp_professor">
                        <forename>Professor</forename>
                        <surname>Nipp</surname>
                        <roleName>Forscher</roleName>
                        <reg>Professor Nipp</reg>
                     </persName>
                     <sex value="M"/>
                     <note type="handlung">Professor Nipp ist ein kanadischer Naturforscher, der die Verständigung mit Wuppy als Beweis für tierische Vernunft im menschlichen Sinne sieht und sie auf eine wissenschaftliche Vortragsreise mitnimmt.</note>
                  </person>
                  
                  <person xml:id="fritzsche" ana="vom_tabarz">
                     <persName ref="fritzsche">
                        <forename>unbekannt</forename>
                        <surname>Fritzsche</surname> 
                        <roleName>Matrose</roleName>
                        <reg>Matrose Fritsche</reg>
                     </persName>
                     <sex value="M"/>
                     <note type="handlung">Fritzsche ist ein Leichtmatrose, der Geschichten über den Riesen Tabarz erzählt und versehentlich das Fliegenspind von Professor Nipp zerstört.</note>
                  </person>
                  
                  <person xml:id="tabarz" ana="vom_tabarz">
                     <persName ref="tabarz">
                        <forename>Riesen</forename>
                        <surname>Tabarz</surname>
                        <roleName>Mythos</roleName>
                        <reg>Riese Tabarz</reg>
                     </persName>
                     <sex value="M"/>
                     <note type="handlung">Der Riese Tabarz ist eine mythische Gestalt, von der Fritzsche behauptet, sie auf See gesehen zu haben.</note>
                  </person>
               
               <person xml:id="tretebalg_herr" ana="vom_zwiebelzahl">
                     <persName ref="tretebalg">
                        <forename>Herr</forename>
                        <surname>Tretebalg</surname>
                        <roleName>Wunderarzt</roleName>
                        <reg>Wunderarzt Tretebald</reg>
                     </persName>
                     <sex value="M"/>
                     <note type="handlung">Herr Tretebalg ist ein polizeilich verfolgter Wunderarzt, der als Hauptfigur in der Geschichte verschiedene Abenteuer erlebt und in moralische Dilemmata gerät.</note>
                  </person>
               
                  <person xml:id="lobesand" ana="vom_zwiebelzahl">
                     <persName ref="lobesand">
                        <forename>unbekannt</forename>
                        <surname>Lobesand</surname>
                        <roleName>Geheilter, Glaser</roleName>
                        <reg>Lobesand, geheilter Glaser</reg>
                     </persName>
                     <sex value="M"/>
                     <note type="handlung">Glaser Lobesand ist ein Patient von Herrn Tretebalg, den er von der Gallenpest geheilt hat.</note>
                  </person>
               
               <person xml:id="quilippi" ana="vom_zwiebelzahl">
                     <persName ref="quilippi">
                        <forename>Dr.</forename>
                        <surname>Quilippi</surname>
                        <roleName>Gelehrter</roleName>
                        <reg>Dr. Quilippi</reg>
                     </persName>
                     <sex value="M"/>
                     <note type="handlung">Dr. Quilippi ist ein gebildeter Gelehrter und eine Schlüsselfigur in der Geschichte, die in Konflikt mit Herrn Tretebalg gerät.</note>
                  </person>
               
               <person xml:id="zwiebelzahl_berggeist" ana="vom_zwiebelzahl">
                     <persName ref="zwiebelzahl_berggeist">
                        <forename>Berggeist</forename>
                        <surname>Zwiebelzahl</surname>
                        <roleName>Mythos</roleName>
                        <reg>Berggeist Zwiebelzahl</reg>
                     </persName> 
                     <sex value="M"/>
                     <note type="handlung">Der Berggeist Zwiebelzahl ist eine übernatürliche Figur, die in der Geschichte vorkommt und auf humorvolle Weise mit den Ereignissen interagiert.</note>
                     <note type="handlung">Zwiebelzahl ist eine mysteriöse Figur in der Geschichte, deren Rolle und Bedeutung nicht klar definiert sind.</note>
                  </person>
               
               
 
            </listPerson>
         </div>
      </body>
   </text>
</TEI>