<TEI xmlns="http://www.tei-c.org/ns/1.0">
    <teiHeader>
        <fileDesc>
            <titleStmt>
                <title>Orte pro Ringelnatztext</title>
            </titleStmt>
            <publicationStmt>
                <publisher>Textgrid
                </publisher>
            </publicationStmt>
            <sourceDesc>
                <p>digital</p>
            </sourceDesc>
        </fileDesc>
    </teiHeader>
    <text>
        <body>
            <div>
                <head>Orte in Ringelnatz Sammlung Nervosipopel</head>
                <listPlace>
                    <place type="Abseits_der_Geographie"><placeName>Zur Kläranlage</placeName></place>
                    <place type="Das_halbe_Maerchen_aergerlich"><placeName>Stachus</placeName></place>
                    <place type="Das_halbe_Maerchen_aergerlich"><placeName>Afrikas</placeName></place>
                    <place type="Das_halbe_Maerchen_aergerlich"><placeName>Staat Arktikum</placeName></place>
                    <place type="Das_halbe_Maerchen_aergerlich"><placeName>Magdeburger</placeName></place>
                    <place type="Das_schlagende_Wetter"><placeName>Hamburger Bergakademie</placeName></place>
                    <place type="Das_schlagende_Wetter"><placeName>Bergakademie</placeName></place>
                    <place type="Das_schlagende_Wetter"><placeName>Jungfernstieg an der Alster</placeName></place>
                    <place type="Das_schlagende_Wetter"><placeName>Bedürfnisanstalt an der Alster</placeName></place>
                    <place type="Das_schlagende_Wetter"><placeName>Bayerische</placeName></place>
                    <place type="Das_schlagende_Wetter"><placeName>chinesischen</placeName></place>
                    <place type="Das_schlagende_Wetter"><placeName>Hamburger Bedürfnisanstalt</placeName></place>
                    <place type="Der_arme_Pilmartine"><placeName>Siebenhenkerwiese</placeName></place>
                    <place type="Die_Walfische_und_die_Fremde"><placeName>Deutschland</placeName></place>
                    <place type="Die_Walfische_und_die_Fremde"><placeName>Germanischen Ratskeller</placeName></place>
                    <place type="Die_Walfische_und_die_Fremde"><placeName>Burgstraße in Leipzig</placeName></place>
                    <place type="Die_Walfische_und_die_Fremde"><placeName>Gänsemarkt in Hamburg</placeName></place>
                    <place type="Diplingens_Abwesenheit"><placeName>Hotel Auracher</placeName></place>
                    <place type="Diplingens_Abwesenheit"><placeName>Kopenhagen</placeName></place>
                    <place type="Diplingens_Abwesenheit"><placeName>Dänemark</placeName></place>
                    <place type="Diplingens_Abwesenheit"><placeName>Tirol</placeName></place>
                    <place type="Diplingens_Abwesenheit"><placeName>Pariser</placeName></place>
                    <place type="Diplingens_Abwesenheit"><placeName>Kopenhagener</placeName></place>
                    <place type="Diplingens_Abwesenheit"><placeName>Anhalter Bahnhof</placeName></place>
                    <place type="Diplingens_Abwesenheit"><placeName>Königgrätzerstraße</placeName></place>
                    <place type="Diplingens_Abwesenheit"><placeName>Tempelhof</placeName></place>
                    <place type="Diplingens_Abwesenheit"><placeName>Wasserweg Spree-Landwehrkanal-Havel-Elbe</placeName></place>
                    <place type="Eheren_und_Holzeren"><placeName>Jena</placeName></place>
                    <place type="Eheren_und_Holzeren"><placeName>Phönizien</placeName></place>
                    <place type="Eheren_und_Holzeren"><placeName>Mittweida</placeName></place>
                    <place type="Eheren_und_Holzeren"><placeName>Rastenburg</placeName></place>
                    <place type="Nervosipopel"><placeName>Café Nashorn</placeName></place>
                    <place type="Vom_Baumzapf"><placeName>Diner Schnepfendreck</placeName></place>
                    <place type="Vom_Tabarz"><placeName>Jekaterinburg</placeName></place>
                    <place type="Vom_Tabarz"><placeName>Tscheljabinsk</placeName></place>
                    <place type="Vom_Tabarz"><placeName>Irkutsk</placeName></place>
                    <place type="Vom_Tabarz"><placeName>Strjetensk</placeName></place>
                    <place type="Vom_Tabarz"><placeName>Chabarowsk</placeName></place>
                    <place type="Vom_Tabarz"><placeName>Wladiwostok</placeName></place>
                    <place type="Vom_Tabarz"><placeName>Friedrichroda</placeName></place>
                </listPlace>             
            </div>
        </body>
    </text>
</TEI>