<TEI xmlns="http://www.tei-c.org/ns/1.0" xmlns:xsi="http://www.w3.org/2001/XMLSchema-instance">
   <teiHeader xmlns:xi="http://www.w3.org/2001/XInclude" xmlns:a="http://www.textgrid.info/namespace/digibib/authors" xmlns:fn="http://www.w3.org/2005/xpath-functions">
      <fileDesc>
         <titleStmt>
            <title>Abseits der Geographie</title>
         </titleStmt>
         <publicationStmt>
            <publisher/>
            <idno type="handle">hdl:11858/00-1734-0000-0004-96B3-8</idno>
            <idno type="TextGridUri">textgrid:tdjt.0</idno>
            <availability>
               <p>
                        <lb/> Der annotierte Datenbestand der Digitalen Bibliothek inklusive Metadaten sowie
                  <lb/> davon einzeln zugängliche Teile sind eine Abwandlung des Datenbestandes von
                  <lb/> www.editura.de durch TextGrid und werden unter der Lizenz Creative Commons
                  <lb/> Namensnennung 3.0 Deutschland Lizenz (by-Nennung TextGrid) veröffentlicht. Die
                  <lb/> Lizenz bezieht sich nicht auf die der Annotation zu Grunde liegenden
                  <lb/> allgemeinfreien Texte (Siehe auch Punkt 2 der Lizenzbestimmungen). </p>
               <p>
                  <ref target="http://creativecommons.org/licenses/by/3.0/de/legalcode">Lizenzvertrag</ref>
               </p>
               <p>
                  <ref target="http://creativecommons.org/licenses/by/3.0/de/"> <lb/>Eine vereinfachte
                     <lb/> Zusammenfassung des rechtsverbindlichen Lizenzvertrages in
                     <lb/> allgemeinverständlicher Sprache </ref>
               </p>
               <p>
                  <ref target="http://www.textgrid.de/Digitale-Bibliothek">
                            <lb/> Hinweise zur Lizenz und
                     <lb/> zur Digitalen Bibliothek</ref>
               </p>
            </availability>
         </publicationStmt>
         <notesStmt>
            <note> Erstdruck in: »Simplicissimus«, 27, Nr. 21, <date when="1922">1922</date>. </note>
         </notesStmt>
         <sourceDesc>
            <biblFull>
               <titleStmt>
                  <title>Joachim Ringelnatz: Das Gesamtwerk in sieben Bänden.</title>
                  <author key="pnd:118601121">Ringelnatz, Joachim</author>
                  <editor>
                     <name>Walter Pape</name>
                  </editor>
               </titleStmt>
               <extent>222-</extent>
               <publicationStmt>
                  <publisher>Diogenes</publisher>
                  <date when="1994">1994</date>
                  <pubPlace>Zürich</pubPlace>
               </publicationStmt>
               <seriesStmt>
                  <title>Band 1: Gedichte, Band 2: Gedichte, Band 3: Dramen, Band 4: Erzählungen, Band 5: Vermischte Prosa, Band 6: Mein Leben bis zum Kriege, Band 7: Als Mariner im Krieg</title>
               </seriesStmt>
            </biblFull>
         </sourceDesc>
      </fileDesc>
      <profileDesc>
         <creation>
            <date notBefore="1883" notAfter="1934"/>
         </creation>
         <textClass>
            <keywords scheme="http://textgrid.info/namespaces/metadata/core/2010#genre">
               <term>other</term>
            </keywords>
         </textClass>
      </profileDesc>
   </teiHeader>
   <text>
      <body>
         <div type="text" xml:id="tg398.3">
            <div type="h4">
               <head type="h4" xml:id="tg398.3.1">Abseits der Geographie</head>
               <p>
                        <lb/>
                  <persName ref="poroesel">
                     <persPronouns>Herr </persPronouns>Porösel</persName> <roleName ref="poroesel">Droschkenkutscher</roleName> Porösel wurde
                  <lb/>trübsinnig aus Langerweile; er wußte seinem Berufe nichts abzugewinnen. Müde und
                  <lb/>stumpf saß er am Tag oder bei Nacht auf seinem Bock. Müde und stumpf stand oder
                  <lb/>trabte auch der Gaul, der nun schon seit elf Jahren an
                  <lb/><persName ref="poroesel"> Porösel</persName> Deichsel gewohnt war und, außer Dienst, sogar
                  <lb/>Seite an Seite mit seinem Herrn schlief.</p>
               <p>
                        <lb/>Eines Morgens ging der <roleName ref="poroesel">Kutscher</roleName> wieder derart
                  <lb/>zu Stroh und seufzte sich hinstreckend: <hi rend="italic">»Ach, wäre ich doch tot!«</hi> Und sich
                  <lb/>vorstellend, wie das sein müßte, wenn er tot wäre, kniff er unwillkürlich die
                  <lb/>Augen zu. Da er sie aber nicht völlig zugekniffen hatte, sah er zu seinem maßlosen
                  <lb/>Erstaunen, wie der Gaul ihm eine höhnische Grimasse schnitt, dann in lautes Lachen
                  <lb/>ausbrach und auf einmal, so als habe er zu laut gelacht, – genau wie ein Mensch
                  <lb/>mit der Hand es macht – sich einen Huf vors Maul hielt.</p>
               <p>
                        <lb/>
                  <pb n="222"/> Der <roleName ref="poroesel">Droschkenkutscher</roleName> riß die Augen auf, da
                  <lb/>nahm der Gaul sofort wieder seine ursprüngliche, müde, stumpfe Haltung an.
                  <lb/>Vielleicht hatte <persName ref="poroesel">
                     <persPronouns>Herr </persPronouns>Porösel</persName> doch geträumt. Es war doch
                  <lb/>unmöglich, daß ein Pferd sowas tat und obendrein noch seinen Herrn seit elf Jahren
                  <lb/>betrog. Immerhin. – Hier galt es nachzuforschen.</p>
               <p>
                        <lb/>In der nächsten Zeit stellte sich
                  <persName ref="poroesel">
                     <persPronouns>Herr </persPronouns>Porösel</persName> öfters schlafend, und da bemerkte er einmal,
                  <lb/>wie sein Roß sich plötzlich auf die Hinterbeine stellte, die Vorderbeine
                  <lb/>verschränkte und so, leise auf und ab gehend, vor sich hin murmelte: <hi rend="italic">»Wäre ich
                  <lb/>eine Stute und <persName ref="poroesel">
                     <persPronouns>Herr </persPronouns>Porösel</persName> in mich verliebt, so würden
                  <lb/>unsere Kinder Maultiere.«</hi></p>
               <p>
                        <lb/><hi rend="italic">»Was willst du damit sagen?«</hi> rief der
                  <lb/>
                        <roleName ref="poroesel">Kutscher</roleName> aufspringend. <hi rend="italic">»Du falsches Vieh!«</hi></p>
               <p>
                        <lb/><hi rend="italic">»Gelt, ich bin doch schlauer als du?« sagte
                  <lb/>das Pferd ruhig und mit einer gutmütigen Sicherheit, die seinem Herrn die Peitsche
                  <lb/>aus der Hand wand. »Nun, nun«, fuhr es fort, als es <persName ref="poroesel">
                     <persPronouns>Herrn
                        Porösel</persPronouns>
                     <lb/> </persName> hilflos baff zerknickt zusammenbrechen sah, »ich wüßte schon
                  <lb/>Rat, aber es kostet Überwindung.«</hi></p>
               <p>
                        <lb/><hi rend="italic">»Bin zu allem bereit«</hi>, stöhnte
                  <persName ref="poroesel">Porösel</persName>.</p>
               <p>
                        <lb/>Das Roß schnäuzte sich zwischen zwei Hufen
                  <lb/>und sprach: <hi rend="italic">»Du mußt dich aus der Welt schaffen, aus dieser Welt.«</hi></p>
               <p>
                        <lb/>Dumpf nickte der <roleName ref="poroesel">Droschkenkutscher</roleName>. <hi rend="italic">»Ja
                  <lb/>sterben. – Es ist das Beste.«</hi></p>
               <p>
                        <lb/><hi rend="italic">»Im Gegenteil! Hör mich an: Begib dich
                  <lb/>sofort nach der <placeName>Fasanenstraße</placeName> in das Haus Numero – – aber verzeih, wir müssen
                  <lb/>etwas leiser reden –«</hi> Der Gaul flüsterte das Weitere dem <roleName ref="poroesel">Kutscher</roleName> leise, dicht ins
                  <lb/>Ohr. Es war ein sonderbarer Ratschlag. <persName ref="poroesel">Porösel</persName> wurde
                  <lb/>abwechselnd rot und blaß und preußischblau. Aber zuletzt stand er überzeugt auf,
                  <lb/>umarmte sein Pferd dankbar und ließ sich umarmen. Danach begab er sich eiligst zu
                  <lb/>Fuß in das angegebene Privathaus in der <placeName>Fasanenstraße</placeName>, wo er, in den Salon
                  <lb/>geführt, zum Hausherrn folgendes sagte:<hi rend="italic">»Bevor ich Ihnen Wichtiges mitteile, bitte
                  <lb/>– – wo ist – –? – Entschuldigen Sie – mir ist etwas übel –«</hi></p>
               <p>
                        <lb/>Im Kämmerlein verriegelte der
                  <lb/><roleName ref="poroesel">Droschkenkutscher</roleName> die Tür, setzte sich irgendwo hin, tat irgendwas. Dann kletterte
                  <lb/>er hinein, reckte sich auf, zog am Spülgriff, wurde von Wasserstrudeln ergriffen
                  <lb/>und total durchweicht, fühlte sich länger und dünner werden und in ein Rohr
                  <lb/>hineingezogen.</p>
               <p>
                        <lb/>Je länger desto schneller sauste
                  <persName ref="poroesel">Porösel</persName> durch das schier endlose Rohr und leider nicht mit
                  <lb/>dem Kopfe voran, sondern umgekehrt. Deshalb geschah es, daß, als das Rohr sich in
                  <lb/>zwei Arme spaltete, er <pb n="223"/> an diesem Scheidewege
                  <lb/>mit dem einen Bein ins linke und mit dem anderen ins rechte geriet und – bumms!
                  <lb/>Au! Stopp! – steckenblieb. Da er aber am rechten Rohr die Wegweisernotiz
                  <lb/><hi rend="italic">»<placeName>Zur Kläranlage</placeName>«</hi> las und sich genügend auf- und
                  <lb/>abgeklärt dünkte, so zog er das dortige Bein heraus und rutschte sofort im linken
                  <lb/>Rohrschacht weiter. Sein Tagebuch, das auf später noch zu erzählende Weise zu uns
                  <lb/>zurückkehrte, vergaß bedauerlicherweise, Namen und geographische Bestimmung des
                  <lb/>eigenartigen Landes anzugeben, wo <persName ref="poroesel">
                     <persPronouns>Herr </persPronouns>Porösel</persName> endlich in
                  <lb/>einem Becken landete, welches dem Ausgangsbecken seiner Reise ganz ähnlich sah. Er
                  <lb/>stieg hinaus, und weil er sowohl Kammertür als auch Korridortür offen fand, sich
                  <lb/>außerdem genierte, die Bekanntschaft eines Fremden zu machen, dessen Wohnung er
                  <lb/>auf so unkonventionelle Weise betreten hatte, so entfernte er sich heimlich
                  <lb/>rasch.</p>
               <p>
                        <lb/>Da fand er sich denn in einer Stadt in einem
                  <lb/>Lande, wo es nicht anders zuging als bei uns, bis auf wenige, aber tief
                  <lb/>einschneidende Unterschiede: Dortzulande tat nichts weh.</p>
               <p>
                        <lb/>Ein Mann wie <persName ref="poroesel">Porösel</persName>,
                  <lb/>der alles nur mit dem beschränkten Blick eines <roleName ref="poroesel">Droschkenkutscher</roleName>s sieht, war
                  <lb/>natürlich nicht im Stande, die großen, alles umwälzenden Folgeerscheinungen eines
                  <lb/>solchen Nichtwehtuns zu erfassen. Er berichtet in dieser Beziehung nur
                  <lb/>unwesentliche, oft geradezu dürftige Begebenheiten. So das große Vergnügen, womit
                  <lb/>er in den ersten Wochen täglich zum Zahnarzt gelaufen sei, um sich ganz gesunde
                  <lb/>Zähne ausziehen und dann wieder einhämmern zu lassen. Oder er findet an einer
                  <lb/>Droschkenfahrt Gefallen, bei welcher der <roleName ref="poroesel">Kutscher</roleName> das mit einem Reibeisen
                  <lb/>gesattelte Pferd ritt. Die Wagensitze waren mit Stacheldraht gepolstert und trotz
                  <lb/>bester Federung fuhr der Wagen höchst holperig, weil dauernd Straßenjungen sich
                  <lb/>zum Jux unter die Räder warfen.</p>
               <p>
                        <lb/>
                  <persName ref="poroesel">Porösel</persName> schreibt: es
                  <lb/>gäbe dort kein Verrecken, womit er Tod oder Sterben meint. Wenn einem beim Duell
                  <lb/>ein Ohr oder sonst ein Glied abgeschlagen wurde, so wuchs innerhalb von acht Tagen
                  <lb/>erstens ein neues Ohr an den Menschen und zweitens ein neuer Mensch an das Ohr.
                  <lb/>Zwischen den Zeilen des übrigens gewissenhaft geführten Tagebuches lesend,
                  <lb/>erfahren wir, daß es dortzulande auch keine Geburt oder wenigstens keine Zuneigung
                  <lb/>in unserem schmutzigen Sinne gab. Wer sich vermehren wollte, schnitt sich zum
                  <lb/>Beispiel einen oder zwei oder zehn Finger ab und wartete acht Tage lang.</p>
               <p>
                        <lb/>
                  <pb n="224"/> Auch <persName ref="poroesel">Porösel</persName> selbst kam
                  <lb/>einmal auf die Idee, sich zu vermehren, aber eigentlich nur, weil er eine
                  <lb/>Droschkenräder-Fabrik zu gründen gedachte, deren gesamtes Personal er aus
                  <lb/>zuverlässigen eigenen Kindern rekrutieren wollte, damit auch die Gehälter in der
                  <lb/>Familie blieben. Er tauchte seine Nase in die Fleischmaschine, verstreute die
                  <lb/>herausgedrehten Würmer aus Nase im Garten und freute sich darauf, nun
                  <lb/>allmorgendlich beim Kaffee vom Balkon aus zuzusehen, wie sich im Garten sein
                  <lb/>stattlicher Nachwuchs entwickelte. Ein Amselschwarm verdarb ihm das Vergnügen,
                  <lb/>fraß gleich am ersten Tage alle Fleischwürmer auf. <persName ref="poroesel">
                     <persPronouns>Herr </persPronouns>
                     <lb/>  Porösel</persName> war froh, als ihm eine neue Nase wuchs.</p>
               <p>
                        <lb/>Eine andere Episode schildert einen Streit
                  <lb/>mit einem Schmied, der aus Ungeschicklichkeit einen Amboß auf
                  <lb/><persName ref="poroesel">Porösel</persName> Füße fallen ließ. Obwohl der <roleName ref="poroesel">Kutscher</roleName> nicht den
                  <lb/>geringsten Schmerz verspürte, gab er sich doch nicht mit dem höflichen <hi rend="italic">»Oh,
                  <lb/>Pardon!«</hi> des Schmiedes zufrieden, sondern versetzte diesem eine Ohrfeige und, noch
                  <lb/>immer von der übertriebenen Empfindsamkeit seiner Heimat befangen, stach er sogar
                  <lb/>noch dem anderen ein Auge aus. Der Schmied floh, warum? war nicht erklärlich. Als
                  <lb/>er aber genügenden Abstand von unserem <roleName ref="poroesel">Kutscher</roleName> hatte, schnitt er sich
                  <lb/>blitzschnell ein Bein ab, beugte dasselbe im Knie zu einem gewissen Winkel und
                  <lb/>warf es wie einen Bumerang derart in die Luft, daß es herabschwirrend <persName ref="poroesel">
                     <persPronouns>Herrn</persPronouns>
                   <lb/>   Porösels</persName> linke Mittelzehe abschnitt. Ohne daran zu denken, daß er nun ein Kind
                  <lb/>bekäme, hob der <roleName ref="poroesel">Kutscher</roleName> mürrisch Zehe und Bumerang auf und verschloß beides zu
                  <lb/>Hause in einem Kommodenfach. Später verbrachte er viele schlaflose Nächte, weil er
                  <lb/>von irgendwoher unheimliche Machauf-Rufe zu hören vermeinte.</p>
               <p>
                        <lb/>Nichts weiß dagegen dieser engköpfige
                  <lb/>Tagebuchschreiber über die merkwürdige Kriegssituation in jenem Lande zu melden,
                  <lb/>wo doch jeder Heerführer beglückt sein müßte, wenn seine Armee vom Gegner kurz und
                  <lb/>klein geschlagen würde. Nein, unser <roleName ref="poroesel">Droschkenkutscher</roleName> langweilte sich nur und
                  <lb/>bekam Heimweh, Sehnsucht nach seiner Schwester, die ihm noch dreißig Mark
                  <lb/>schuldete und die er allerdings aufrichtig liebte. Er wußte keinen Rat, wie er
                  <lb/>wieder in seine Heimat zurückgelangen könnte. Vergebens blinzelte er allen
                  <lb/>Droschkengäulen zu, redete wohl auch das eine oder andere an: <hi rend="italic">»Nun??«</hi> – <hi rend="italic">»Tu nur
                  <lb/>nicht so; ich weiß, daß du mich verstehst.«</hi> Aus keinem Gaul brachte er was raus.
                  <lb/>Bis er sich eines Nachts in einen Stall einschlich, sich neben ein Pferd aufs 
                  <lb/><pb n="225"/> Stroh warf und sich alsbald stellte, als ob er
                  <lb/>schliefe. Er gewahrte jedoch nichts anderes, als daß das Pferd zu äpfeln begann,
                  <lb/>und weil es gleichzeitig Fliegen abwedelte, so kriegte <persName ref="poroesel">
                     <persPronouns>Herr</persPronouns>
                     <lb/>   Porösel</persName> etwas ab und floh.</p>
               <p>
                        <lb/>Dennoch bekam er später auf irgendwelche
                  <lb/>Weise das Rezept in die Hand, um sich, und zwar in der schon einmal durchreisten
                  <lb/>Art, wieder von dortzulande nach seiner Heimat und sogar direkt in die Wohnung
                  <lb/>seiner Schwester zu spülen. Der Zufall wollte, daß diese etwas kränkliche Jungfrau
                  <lb/>gerade saß, als <persName ref="poroesel">Porösel</persName> unter ihr auftauchte</p>
               <p>
                        <lb/><hi rend="italic">»Pfui Teufel!«</hi> schrie sie und lief empört
                  <lb/>davon.</p>
               <p>
                        <lb/>Der Heimkehrende war durch diese rohen
                  <lb/>Begrüßungsworte so tief enttäuscht und gekränkt, daß er einen Moment wie
                  <lb/>angewurzelt, wortlos dastand. Dann schleuderte er das mitgebrachte Tagebuch seiner
                  <lb/>Schwester nach, richtete sich entschlossen auf, zog am Strang und spülte sich
                  <lb/>zurück in jene geheimnisvolle Fremde, wo er verscholl.</p>
            </div>
         </div>
      </body>
   </text>
</TEI>