<TEI xmlns="http://www.tei-c.org/ns/1.0" xmlns:xsi="http://www.w3.org/2001/XMLSchema-instance">
   <teiHeader xmlns:xi="http://www.w3.org/2001/XInclude" xmlns:a="http://www.textgrid.info/namespace/digibib/authors" xmlns:fn="http://www.w3.org/2005/xpath-functions">
      <fileDesc>
         <titleStmt>
            <title>Das halbe Maerchen Aergerlich</title>
         </titleStmt>
         <publicationStmt>
            <publisher/>
            <idno type="handle">hdl:11858/00-1734-0000-0004-9759-C</idno>
            <idno type="TextGridUri">textgrid:tdrk.0</idno>
            <availability>
               <p>
                        <lb/>Der annotierte Datenbestand der Digitalen Bibliothek inklusive Metadaten sowie
                  <lb/>davon einzeln zugängliche Teile sind eine Abwandlung des Datenbestandes von
                  <lb/>www.editura.de durch TextGrid und werden unter der Lizenz Creative Commons
                  <lb/>Namensnennung 3.0 Deutschland Lizenz (by-Nennung TextGrid) veröffentlicht. Die
                  <lb/>Lizenz bezieht sich nicht auf die der Annotation zu Grunde liegenden
                  <lb/>allgemeinfreien Texte (Siehe auch Punkt 2 der Lizenzbestimmungen). </p>
               <p>
                  <ref target="http://creativecommons.org/licenses/by/3.0/de/legalcode">Lizenzvertrag</ref>
               </p>
               <p>
                  <ref target="http://creativecommons.org/licenses/by/3.0/de/">
                            <lb/>Eine vereinfachte
                     <lb/>Zusammenfassung des rechtsverbindlichen Lizenzvertrages in
                     <lb/>allgemeinverständlicher Sprache </ref>
               </p>
               <p>
                  <ref target="http://www.textgrid.de/Digitale-Bibliothek">
                            <lb/>Hinweise zur Lizenz und
                     <lb/>zur Digitalen Bibliothek</ref>
               </p>
            </availability>
         </publicationStmt>
         <notesStmt>
            <note> Erstdruck in: »Nervosipopel, S. 75–82, <date when="1924">1924</date> </note>
         </notesStmt>
         <sourceDesc>
            <biblFull>
               <titleStmt>
                  <title>Joachim Ringelnatz: Das Gesamtwerk in sieben Bänden.</title>
                  <author key="pnd:118601121">Ringelnatz, Joachim</author>
                  <editor>
                     <name>Walter Pape</name>
                  </editor>
               </titleStmt>
               <extent>255-</extent>
               <publicationStmt>
                  <publisher>Diogenes</publisher>
                  <date when="1994">1994</date>
                  <pubPlace>Zürich</pubPlace>
               </publicationStmt>
               <seriesStmt>
                  <title>Band 1: Gedichte, Band 2: Gedichte, Band 3: Dramen, Band 4: Erzählungen, Band 5: Vermischte Prosa, Band 6: Mein Leben bis zum Kriege, Band 7: Als Mariner im Krieg</title>
               </seriesStmt>
            </biblFull>    
         </sourceDesc>
      </fileDesc>
      <profileDesc>
         <creation>
            <date notBefore="1883" notAfter="1934"/>
         </creation>
         <textClass>
            <keywords scheme="http://textgrid.info/namespaces/metadata/core/2010#genre">
               <term>other</term>
            </keywords>
         </textClass>
      </profileDesc>
   </teiHeader>
   <text>
      <body>
         <div type="text" xml:id="tg406.3">
            <div type="h4">
               <head type="h4" xml:id="tg406.3.1">
                  <pb n="255"/>Das halbe Maerchen aergerlich</head>
               
               <p>
                        <lb/>Aber es geschah nicht, obwohl von gar keiner bestimmten Zeit
                  <lb/>die Rede war, auch kein eigentlicher Ort dabei eine Rolle spielte. Nur entzog sich
                  <lb/>der Kenntnis was – ohne in Existenz zu verharren – auch nicht annähernd von jemand
                  <lb/>erdacht werden konnte.</p>
               <p>
                        <lb/>Damit war keine Lüge ausgesprochen, ja nicht
                  <lb/>einmal das Unmögliche eines Vermissens änderte etwas, weil die Pause, die hätte
                  <lb/>eintreten müssen, lächerlicherweise sowohl eines Anfanges als auch des Endes
                  <lb/>entbehrte. Da im übrigen ein Dazwischentreten verhindert schien, so blieb
                  <lb/>(wenigstens so lange nichts Bedeutenderes geschah) kein Resultat aus,
                  <lb/>vorausgesetzt, daß es überhaupt durchführbar wäre, Resultate wie Samenkörner von
                  <lb/>Keim zu Keim zu tragen.</p>
               <p>
                        <lb/>Ungeachtet dieser Ermangelung gebrach es doch
                  <lb/>nicht an einem gewissen Fehlen, während sich andererseits weder ein Laut kundgab
                  <lb/>noch sonst etwas regte, es sei denn, man wolle einwenden, daß keinerlei
                  <lb/>Aufmerksamkeit in Anspruch genommen wurde. Vielleicht hätte man gerade in dem
                  <lb/>Nichtzugegenseienden das Abwesende suchen müssen; jedenfalls unterblieb das
                  <lb/>Unverhoffte eines Tages, und indem hierdurch die nicht unterbrochene Hohlheit
                  <lb/>einfach nicht im Stande war, einem von jeher bestehenden Leersein Platz zu machen,
                  <lb/>wurde <persName ref="quiekenbach_graf">
                     <title>Graf</title> Quiekenbach</persName> geboren. Vormittags.</p>
               <p>
                        <lb/>Der quietschte wie ein Schieferstift auf der
                  <lb/>Schiefertafel. Nachmittags wuchs er auf, so daß er nach zwei Jahrzehnten bereits
                  <lb/>20 Jahre alt war; wonach er sofort jenes kindische, läppische Benehmen aufnahm,
                  <lb/>das man mit Würde übersehen muß. Sehr zu Recht lehnten dann auch alle ernst zu
                  <lb/>nehmenden Lektoren seine geschraubten Schreibereien ab, dieses dumme Zeugs,
                  <lb/>welches er, wie er sich unbescheiden ausdrückte: <hi rend="italic">»Aus Blut und Wonne geschrieben«</hi>
                  <lb/>hatte.</p>
               <p>
                  <persName ref="quiekenbach_graf">
                            <lb/>
                     <title>Graf</title> Quiekenbach</persName> wurde
                  <lb/>nie gesetzt. Stehend, auf der Treppe, schlang er elf Rouladen in sich hinein. Und
                  <lb/>es ist ein recht billiger Witz, der kein Kommentar verdient, wenn es überhaupt ein
                  <lb/>Witz und nicht nur eine ekelhafte und sogar recht dürftige Zote ist, statt
                  <lb/><hi rend="italic">»Gesäß«: »Arsch«</hi> zu sagen.</p>
               <p>
                  <pb n="256"/>
                        <lb/> Weder auf Tag noch auf Nacht gestimmt, kostete
                  <lb/>der <title>Graf</title> nach Laune jeweiliger Situation bald von diesem, bald von jenem und genoß
                  <lb/>zutiefst: heute die Rotweinflecke auf Seite 11 eines in Schürzenleinwand
                  <lb/>gebundenen Klostermemoires, morgen ein Milchmädchen am Sendlinger Tor, auf deren
                  <lb/>Zinkdeckel der Strahl der Morgensonne splitterte.</p>
               <p>
                        <lb/>In seiner unvernünftigen Tollkühnheit
                  <lb/>verabscheute der <title>Graf</title> jegliche Arbeit. Bei strömendem Regen lustwandelte er elfmal
                  <lb/>die Friedrichstraße auf und ab, kam dabei elfmal an elf Bettlern vorüber, und
                  <lb/>indem er jedem jedesmal zurief: <hi rend="italic">»Seien Sie vergnügt, mein Lieber, denn jeder
                  <lb/>Junior ist ein Senior!«</hi> rief er diesen Satz also 11 mal 11. Der <title>Graf</title> hatte eine
                  <lb/>Vorliebe für eine bestimmte Zahl, die er pflegte und verehrte, und der er
                  <lb/>besondere Bedeutung beimaß, nämlich die 14, die Vierzehn.</p>
               <p>
                        <lb/>Er begab sich darum Punkt 11 Uhr von der
                  <lb/>
                        <placeName>Friedrichstraße</placeName> über die <placeName>Reeperbahn</placeName> nach dem <placeName>Stachus</placeName>, wo um diese Zeit die Kinder
                  <lb/>der ärmeren Bevölkerung Danzigs ihre zarten Leidenschaften austoben lassen.
                  <lb/>
                        <persName ref="quiekenbach_graf">Quiekenbach</persName> suchte sich unter diesen Kindern eins heraus,
                  <lb/>das sich durch bessere Kleidung und ein etwas unsympathisches, leichthin
                  <lb/>dummfreches Gesicht von den anderen unterschied, und dem schenkte er seine volle
                  <lb/>Börse. Der Kind nahm das Börse, stammelte etwas von Betrunkener Esel, streckte die
                  <lb/>Zunge meterweit heraus und lief davon. Lange noch sah der <title>Graf</title> ihm nach, bis die
                  <lb/>flatternde Zunge am Horizont verschwand. Dann wanderte er langsam heim, in ein
                  <lb/>abendliches Lächeln gehüllt von dem Gedanken an billige, bunte, ewigdehnbare
                  <lb/>Schlangen aus Zuckergummi.</p>
               <p>
                        <lb/>Auf der Treppe zu seiner Wohnung holte ihn
                  <lb/>ein Herr ein, der, als <persName ref="quiekenbach_graf">Quiekenbach</persName> stehen blieb, um die Türe
                  <lb/>zur Wohnung aufzuschließen, ebenfalls stehen blieb und ebenfalls einen Schlüssel
                  <lb/>zog.</p>
               <p>
                        <lb/><hi rend="italic">»Wollen Sie zu mir?«</hi> fragte
                  <lb/>
                        <persName ref="quiekenbach_graf">Quiekenbach</persName>.</p>
               <p>
                        <lb/><hi rend="italic">»Nein, ich wohne hier«</hi>, erwiderte der andere
                  <lb/>lächelnd.</p>
               <p>
                        <lb/><hi rend="italic">»Sie?? Das ist ein Irrtum. Hier wohne
                  <lb/>ich.«</hi></p>
               <p>
                        <lb/><hi rend="italic">»Bitte überzeugen Sie sich.«</hi> Der Fremde
                  <lb/>zeigte lächelnd auf das Namensschild an der Tür. Der <title>Graf</title> sah aus Höflichkeit
                  <lb/>flüchtig hin. <hi rend="italic">»Nun?«</hi> sagte er. <hi rend="italic">»Bitte, was steht dort geschrieben?«</hi></p>
               <p>
                        <lb/><hi rend="italic">»<persName ref="quiekenbach_unbekannt">Quiekenbach</persName>«</hi>, sagte
                  <lb/>der Fremde lächelnd.</p>
               <p>
                        <lb/>»<persName ref="quiekenbach_graf">Quiekenbach</persName>«, sagte
                  <lb/>
                        <persName ref="quiekenbach_graf">Quiekenbach</persName>.</p>
               <p>
                        <lb/><hi rend="italic">»Ich bin <persName ref="quiekenbach_unbekannt">
                  <title>Graf</title>
                  Quiekenbach</persName>«</hi>, sagte der Fremde lächelnd.</p>
               <p>
                  <pb n="257"/>
                        <lb/> <hi rend="italic">»Sehr angenehm«</hi>, erwiderte der Angeredete,
                  <lb/><hi rend="italic">»aber ich bin <persName ref="quiekenbach_graf">
                     <title>Graf</title> Harald Oskar Fridicenius von Quiekenbach</persName>,
                  <lb/>hier seit dreizehn Jahren wohnhaft.«</hi></p>
               <p>
                        <lb/><hi rend="italic">»Ich auch.«</hi></p>
               <p>
                        <lb/><hi rend="italic">»Pardon, ich wage nicht anzunehmen, daß Sie
                  <lb/>Scherz mit mir treiben oder angeheitert sind –«</hi></p>
               <p>
                        <lb/><hi rend="italic">»Erlauben Sie, ich halte es für
                  <lb/>ausgeschlossen, daß Sie unzurechnungsfähig sind oder mich zum Besten halten.«</hi></p>
               <p>
                        <lb/>Es entwickelte sich eine endlose Kette von
                  <lb/>Argumenten für eine unerhörte Duplizität. Beide Kontrahenten, oder vielmehr
                  <lb/>Kongruenten traten ein, waren mit der Wohnung vertraut, bewiesen einander durch
                  <lb/>Griffe, Papiere etc. eine völlige Gleichheit und stritten sich darüber auf selbe
                  <lb/>Art, daß jedes Schimpfwort des einen dem anderen sozusagen aus der Seele
                  <lb/>gesprochen war, also wieder sofort zur Versöhnung führte. Frau Gräfin Mutter wurde
                  <lb/>herbeigerufen. Sie erkannte in jedem der beiden den einzig Richtigen.</p>
               <p>
                        <lb/>Da die Gerichte in diese mysteriöse
                  <lb/>Angelegenheit sicher kein Licht, aber wahrscheinlich Lärm und Unkosten
                  <lb/>hineingebracht hätten, so verzichtete man auf sie und einigte sich.</p>
               <p>
                        <lb/>Es wäre schade gewesen, solch doppeltes
                  <lb/>Leben nebeneinander zu verpuffen. Vielmehr reizte das Problem: Das eine Leben
                  <lb/>abzustellen bis zum Ende des anderen und es dann zur Fortsetzung des anderen
                  <lb/>wieder loszulassen. Man würfelte. Unser <persName ref="quiekenbach_graf">Quiekenbach</persName> gewann.
                  <lb/>Er steckte den anderen <persName ref="quiekenbach_unbekannt">Quiekenbach</persName> in eine Tonne, salzte ihn
                  <lb/>ein und schrieb auf den Deckel: <hi rend="italic">»Nach meinem Tode zu öffnen.«</hi></p>
               <p>
                        <lb/>Durch diese Arbeit sehr ermüdet, besuchte
                  <lb/>
                        <persName ref="quiekenbach_graf">Quiekenbach</persName>, einen geschmiedeten Plan in der Tasche,
                  <lb/>seinen Freund, den arktischen <persName ref="dlonuxam">
                     <roleName ref="dlonuxam">Maler</roleName> Dlonuxam</persName>, dessen Heimat,
                  <lb/>wie bereits angedeutet, die arktische Zone war und dessen Spezialgebiet es war,
                  <lb/>Stilleben zu malen. Halbierte Melonen auf rosa Plüschdecke. Gurkensalat zwischen
                  <lb/>Ziegelsteinen.</p>
               <p>
                        <lb/><hi rend="italic">»Guten Tag«</hi>, sagte
                  <lb/>
                        <persName ref="quiekenbach_graf">Quiekenbach</persName>,<hi rend="italic"> »möchtest du Gesandter des Staates – –«</hi></p>
               <p>
                        <lb/><hi rend="italic">»Halt!«</hi> schrie der <roleName ref="dlonuxam">Maler</roleName>, der gerade die
                  <lb/>ersten Maltakartoffeln, das Pfund zu Mk. 1.60, das halbe Pfund zu Mk. 0.90 malte,
                  <lb/><hi rend="italic">»tritt nicht in die Gruppierung.«</hi></p>
               <p>
                  <persName ref="quiekenbach_graf">
                            <lb/>
                     <title>Graf</title> Quiekenbach</persName> ging
                  <lb/>vorsichtig um die Erdäpfel herum. <hi rend="italic">»Ich gedenke mich als <roleName ref="quiekenbach_graf">Missionar</roleName> im Innern
                  <lb/>
                        <placeName>Afrikas</placeName> zwecks Bekehrung eines noch unbekannten Heidenvolkes zum fuhlitanischen
                  <lb/>Glauben niederzulassen.«</hi></p>
               <p>
                  <pb n="258"/>
                        <lb/> <hi rend="italic">»Grün ist eine unhörbare Farbe«</hi>, sagte
                  <lb/>
                        <persName ref="dlonuxam">Dlonuxam</persName> weitermalend.</p>
               <p>
                        <lb/><hi rend="italic">»Glaubst du, daß der <placeName>Staat Arktikum</placeName> meine
                  <lb/>Mission befürworten wird?«</hi></p>
               <p>
                        <lb/><hi rend="italic">»Das Knollige muß mehr zum Ausdruck
                  <lb/>kommen.«</hi></p>
               <p>
                        <lb/><hi rend="italic">»Dann bitte bestätige mir als Gesandter
                  <lb/>durch Unterschrift und Stempel, daß deine Regierung mich ausgesandt –«</hi>
                  <lb/>
                        <persName ref="quiekenbach_graf">Quiekenbach</persName> legte ein Schriftstück auf den Tisch.</p>
               <p>
                        <lb/><hi rend="italic">»Laß mich zufrieden, wahnsinniger Uhu!«</hi> rief
                  <lb/>
                        <persName ref="dlonuxam">Dlonuxam</persName>, nach der Tür weisend.</p>
               <p>
                  <persName ref="quiekenbach_graf">
                            <lb/>
                     <title>Graf</title> Quiekenbach</persName> trat vor
                  <lb/>die Kartoffeln hin und holte langsam mit dem Fuße aus wie ein Fußballstößer bei
                  <lb/>Beginn. <hi rend="italic">»Du willst also nicht durch Unterschrift und Stempel – –??«</hi></p>
               <p>
                        <lb/><hi rend="italic">»Halt! Ja doch! Ja!«</hi>
                  <lb/>
                        <persName ref="dlonuxam">Dlonuxam</persName> unterschrieb und drückte viele Stempel unter den
                  <lb/>vorgeschriebenen Text der Urkunde: <hi rend="italic">»Einschreiben«</hi> – <hi rend="italic">»Mitglied der Neuen Secession«</hi>
                  <lb/>–<hi rend="italic">»Vorsicht Glas!«</hi></p>
               <p>
                        <lb/>Wenden wir uns jetzt von den beiden ab und
                  <lb/>zu <persName ref="quiekenbach_unbekannt">Quiekenbach</persName>. Nach <persName ref="quiekenbach_graf">Quiekenbachs</persName>
                  <lb/>Abreise war <persName ref="quiekenbach_unbekannt">Quiekenbach</persName> sofort von einem neugierigen
                  <lb/>Dienstmädchen aus der Salztonne befreit worden. Sofort lehnte er sich weit aus dem
                  <lb/>Fenster seiner Wohnung und knallte 24 Stunden lang mit einer aus Mulattenblinddarm
                  <lb/>geflochtenen Peitsche, während er unausgesetzt in die Nacht hinaus laut
                  <lb/>konjugierte: <hi rend="italic">»Kakaich, Kakadu, Kakaer, sie, es –«</hi></p>
               <p>
                        <lb/>Solches unreife rüpelhafte Betragen verdient
                  <lb/>selber nur die Peitsche. Und wenn das nichts hilft, dann noch härtere und härteste
                  <lb/>Züchtigung.</p>
               <p>
                        <lb/>Es war ihm schon etliches versetzt; dann
                  <lb/>wurde aufs strengste zugepackt, den Burschen zu strafen. Die Hämmer sausten
                  <lb/>zuletzt im Asphalt-Arbeiter-Takt auf den <title ref="quiekenbach_unbekannt">Grafen</title>.</p>
               <p>
                        <lb/>Darüber wurde der lange hagere
                  <persName ref="quiekenbach">
                            <lb/>
                     <persPronouns>Herr</persPronouns> Quiekenbach</persName> kurz und breit, wurde schließlich zu
                  <lb/>einer Scheibe mit beweglichen Sohlen. Aber dieser Wanze verblieb ein großes,
                  <lb/>grünes Glasauge; grün und doch schön, aus Glas, weil starr, aber es war doch
                  <lb/>beseelt und trotzte allem Illustren, überblendete alle bestehenden Lumina.</p>
               <p>
                        <lb/>Wenden wir uns jetzt zweimal um uns selber
                  <lb/>herum und dann zum <persName ref="quiekenbach_graf">
                     <title ref="quiekenbach_graf">Grafen</title> Quiekenbach</persName>. Der hatte ein
                  <lb/>afrikanisches Buschvolk entdeckt, dessen kannibalischen Appetit er durch
                  <lb/>Überreichung seines Beglaubigungsschreibens sozusagen ausbluffte. Danach rief er
                  <lb/>den Negern devot lächelnd zu: <hi rend="italic">»Ihr Gesäßlöcher!«</hi> und schlug sein Zelt auf. Acht
                  <lb/>Tage lang bewirteten ihn die Wilden aus <pb n="259"/>
                  <lb/>Neugierde, sie brachten ihm Kokuskaktosbier ans Bett und eine an Rindfleisch
                  <lb/>erinnernde Mehlspeise. Als ihn die Neger am neunten Tage fressen wollten, rief er
                  <lb/>ihnen in ihrer Sprache zu. <hi rend="italic">»Halt!«</hi> denn er war nicht müßig gewesen. Er hielt sie
                  <lb/>in Furcht und Schrecken.<hi rend="italic"> »Ich bin ein mächtiger Zauberer aus einem furchtbaren
                  <lb/>Lande. Wenn ich will, kann ich euch jederzeit durch 1111 gleichzeitige Blitze
                  <lb/>vernichten, aber wenn ihr zwei Jahre lang eure jungen Mädchen um mich versammelt
                  <lb/>und mir reichlich Kokuskaktosbier – –«</hi> Er versprach ihnen Märchen; und es ging ihm
                  <lb/>gut, denn zwei Jahre lang ließ er sich Kokuskaktos und junge Mehlspeise und viele
                  <lb/>schöne, an Rindfleisch erinnernde Mädchen ans Bett bringen. Hatte dafür nur
                  <lb/>Märchen zu erzählen. Erzählte sie, anfangs versuchsweise in der Sprache der
                  <lb/>Eingeborenen, später aus Bequemlichkeit in <placeName>Magdeburger</placeName> Dialekt. Improvisiertes,
                  <lb/>Erlogenes und Erstunkenes, was er halt so einkokuste oder auskaktoste,
                  <lb/>Fuselgefasel.</p>
               <p>
                        <lb/>Dieses nichtswürdige zentralafrikanische
                  <lb/>Betrügerleben des <persName ref="quiekenbach">
                     <title ref="quiekenbach">Grafen</title> Quiekenbach</persName> wurde jäh durch ein
                  <lb/>ebenso sonderbares als grausames Ereignis gestört, welches berufen war, endlich
                  <lb/>einmal Licht in viele erwähnte, sowie auch bisher unbekannte und zum Teil
                  <lb/>haarsträubend unsittliche Begebenheiten zu bringen. Wenden wir uns zuvor noch
                  <lb/>einmal zum <persName ref="quiekenbach_graf">
                     <title ref="quiekenbach_graf">Grafen</title> Quiekenbach</persName> zurück.</p>
            </div>
         </div>
      </body>
   </text>
</TEI>