<TEI xmlns="http://www.tei-c.org/ns/1.0" xmlns:xsi="http://www.w3.org/2001/XMLSchema-instance">
   <teiHeader xmlns:xi="http://www.w3.org/2001/XInclude" xmlns:a="http://www.textgrid.info/namespace/digibib/authors" xmlns:fn="http://www.w3.org/2005/xpath-functions">
      <fileDesc>
         <titleStmt>
            <title>Das schlagende Wetter</title>
         </titleStmt>
         <publicationStmt>
            <publisher/>
            <idno type="handle">hdl:11858/00-1734-0000-0004-97BB-0</idno>
            <idno type="TextGridUri">textgrid:tdvz.0</idno>
            <availability>
               <p>
                        <lb/>Der annotierte Datenbestand der Digitalen Bibliothek inklusive Metadaten sowie
                  <lb/>davon einzeln zugängliche Teile sind eine Abwandlung des Datenbestandes von
                  <lb/>www.editura.de durch TextGrid und werden unter der Lizenz Creative Commons
                  <lb/>Namensnennung 3.0 Deutschland Lizenz (by-Nennung TextGrid) veröffentlicht. Die
                  <lb/>Lizenz bezieht sich nicht auf die der Annotation zu Grunde liegenden
                  <lb/>allgemeinfreien Texte (Siehe auch Punkt 2 der Lizenzbestimmungen). </p>
               <p>
                  <ref target="http://creativecommons.org/licenses/by/3.0/de/legalcode">Lizenzvertrag</ref>
               </p>
               <p>
                  <ref target="http://creativecommons.org/licenses/by/3.0/de/">
                            <lb/>Eine vereinfachte
                     <lb/>Zusammenfassung des rechtsverbindlichen Lizenzvertrages in
                     <lb/>allgemeinverständlicher Sprache </ref>
               </p>
               <p>
                  <ref target="http://www.textgrid.de/Digitale-Bibliothek">
                            <lb/>Hinweise zur Lizenz und
                     <lb/>zur Digitalen Bibliothek</ref>
               </p>
            </availability>
         </publicationStmt>
         <notesStmt>
            <note> Erstdruck in: »Der Freihafen«, 4, Heft 2, <date when="1921">1921</date> </note>
         </notesStmt>
         <sourceDesc>
            <biblFull>
               <titleStmt>
                  <title>Joachim Ringelnatz: Das Gesamtwerk in sieben Bänden.</title>
                  <author key="pnd:118601121">Ringelnatz, Joachim</author>
                  <editor>
                     <name>Walter Pape</name>
                  </editor>
               </titleStmt>
               <extent>246-</extent>
               <publicationStmt>
                  <publisher>Diogenes</publisher>
                  <date when="1994">1994</date>
                  <pubPlace>Zürich</pubPlace>
               </publicationStmt>
               <seriesStmt>
                  <title>Band 1: Gedichte, Band 2: Gedichte, Band 3: Dramen, Band 4: Erzählungen, Band 5: Vermischte Prosa, Band 6: Mein Leben bis zum Kriege, Band 7: Als Mariner im Krieg</title>
               </seriesStmt>
            </biblFull>    
         </sourceDesc>
      </fileDesc>
      <profileDesc>
         <creation>
            <date notBefore="1883" notAfter="1934"/>
         </creation>
         <textClass>
            <keywords scheme="http://textgrid.info/namespaces/metadata/core/2010#genre">
               <term>other</term>
            </keywords>
         </textClass>
      </profileDesc>
   </teiHeader>
   <text>
      <body>
         <div type="text" xml:id="tg404.3">
            <div type="h4">
               <head type="h4" xml:id="tg404.3.1">Das schlagende Wetter</head>
               
               <p>
                        <lb/>Alle Welt kennt <persName ref="hoffmann_eta">E.T.A. Hoffmanns</persName> Leben,
                  <lb/>schätzt seine Werke. Niemand weiß, daß zwei uneheliche Söhne des Dichters die
                  <lb/>
                        <placeName>Hamburger Bergakademie</placeName> besuchten. Wer vermöchte heute anzugeben, wo das angeblich
                  <lb/>in einer italienischen Schublade gefundene Schriftstück des fragwürdigen Norwegers
                  <lb/>Tenkjörd geblieben ist? Ob jemand wagen wird, die folgende Darstellung zu
                  <lb/>widerlegen?</p>
               <p>
                        <lb/>Bei allem Fleiß und größter Begabung fühlten
                  <lb/>die Brüder <persName ref="hoffmann_reinhard">Reinhard</persName> und <persName ref="hoffmann_wolfgang">Wolfgang</persName> sich
                  <lb/>doch auf der <placeName>Bergakademie</placeName> nicht recht wohl. Von dem theoretischen Wust angewidert,
                  <lb/>verließen sie die Anstalt, um sich dem praktischen Teile ihres Berufes und
                  <lb/>innerhalb desselben wieder der phantastischen Seite zuzuwenden. Sie gingen aufs
                  <lb/>Bohren aus, wollten Kali, Wasser und alles Mögliche bohren.</p>
               <p>
                        <lb/>Unbemittelt, nicht im Stande, sich ein
                  <lb/>Bohrwerk anzulegen, zogen sie zunächst mit zwei Wünschelruten und langen
                  <lb/>Handbohrern versehen durch <placeName>Hamburg</placeName>. Sie waren viel zu klug, zu weitblickend, um
                  <lb/>den Mut zu verlieren, als die Wünschelruten
                  <pb n="246"/>
                        <lb/>lange Zeit weder in <persName ref="hoffmann_reinhard">Reinhard</persName> noch in
                  <lb/>
                        <persName ref="hoffmann_wolfgang">Wolfgang</persName> Händen reagieren wollten. Als aber, da die
                  <lb/>Brüder eines Tages gerade den <placeName>Jungfernstieg an der Alster</placeName> querten, beide
                  <lb/>Wünschelruten mit eins ausschlugen, setzten die Brüder auf der Stelle ihre Bohrer
                  <lb/>an und drehten fieberhaft, ohne sich um die Einsprüche der Polizisten, Kutscher
                  <lb/>und anderer Verkehrs- und Geistesgestörter zu kümmern. Nachdem sie die erste
                  <lb/>Gasleitung unterm Asphalt zerstört hatten, gelang es, die Brüder zu überwältigen
                  <lb/>und ins Gefängnis zu bringen. Wo sie zwei Jahre verbüßten.</p>
               <p>
                        <lb/>Ihre Entlassung fiel zeitlich gerade in eine
                  <lb/>ebenso Aufsehen erregende wie nützliche Reklameveranstaltung, in die sogenannte
                  <lb/><hi rend="italic">»<placeName>Hamburger</placeName> Höflichkeitswoche«</hi>, auf die eine dortige Kaffeefirma nach dem späteren
                  <lb/>Beispiele eines <placeName>Berliner</placeName> Verlages verfallen war. Acht Tage lang durchstreiften
                  <lb/>nämlich Angestellte jener Firma unauffällig beobachtend die Straßen und Plätze,
                  <lb/>und wenn sie auf besonders höfliche öffentliche Handlungen oder Gespräche stießen,
                  <lb/>so traten sie auf den Höflichsten unter den Höflichen zu und sagten, ihm einen
                  <lb/>kuvertierten Tausendmarkschein überreichend:<hi rend="italic">»Da, mein Junge, nimm das Geld und
                  <lb/>merke Dir: <persName ref="hoppenstiels">Hoppenstiels</persName> Kaffee ist der beste!«</hi> In jener Woche war allenthalben in
                  <lb/>
                        <placeName>Hamburg</placeName> zu beobachten, wie die Leute auf einmal sich an Höflichkeit zu überbieten
                  <lb/>suchten.</p>
               <p>
                        <lb/>Damals also verließen die beiden
                  <lb/>
                        <persName ref="hoffmann_reinhard_wolfgang">Hoffmanns</persName> die Strafanstalt und bestiegen, obwohl sie
                  <lb/>keinen Pfennig Geld besaßen, teils dreist, teils ahnungslos eine Straßenbahn. Eine
                  <lb/>Strecke weit wußten sie sich durch geschickten Platzwechsel dem Kondukteur zu
                  <lb/>entziehen. Als dieser sie aber schließlich doch mit der anständigen Frage stellte:
                  <lb/><hi rend="italic">»Belieben die Herren vielleicht ein Billet zu erwerben?«</hi> zog
                  <lb/>
                        <persName ref="hoffmann_reinhard">Reinhard</persName> seinen Entlassungsschein hervor, tat sehr
                  <lb/>erschrocken und rief mit geheucheltem Bedauern: <hi rend="italic">»Ach, verflucht nochmal, wie
                  <lb/>fatal! Ich dachte, das sei ein Tausendmarkschein, und nun habe ich kein Geld bei
                  <lb/>mir.«</hi></p>
               <p>
                        <lb/>Unverzüglich erhob sich da der nächste
                  <lb/>Fahrgast und sagte: <hi rend="italic">»Mm-hh-tp ist mein Name; dürfte ich Ihnen vielleicht mit einem
                  <lb/>Tausendmarkschein unter die Arme greifen?«</hi></p>
               <p>
                  <persName ref="hoffmann_wolfgang">
                            <lb/>Wolfgang Hoffmann</persName>
                  <lb/>überkam etwas wie Ahnung von verwandelter Menschheit. »Sie wollen uns borgen?«
                  <lb/>sagte er und wurde rot, weil er unwillkürlich den Schein schon ergriffen
                  <lb/>hatte.</p>
               <p>
                        <lb/><hi rend="italic">»Borgen?«</hi> erwiderte der Fremde errötend. <hi rend="italic">»Ich
                  <lb/>bin sehr
                  <pb n="247"/>
                        <lb/>beschämt, daß die voreilige
                  <lb/>Ausdrucksweise meiner ergebensten Absicht eine Mißdeutung –«</hi></p>
               <p>
                        <lb/><hi rend="italic">»So sehr es mir zur Ehre gereichen würde«,
                  <lb/>fiel der Schaffner ein, »dem Herrn Reichsgrafen einen Tausender zu wechseln, so
                  <lb/>fehlt es mir doch leider –«</hi></p>
               <p>
                        <lb/><hi rend="italic">»Vergeben Sie mir«</hi>, stammelte
                  <lb/>emporschnellend ein anderer Fahrgast, <hi rend="italic">»wenn ich so frei bin, die Kleinigkeit des
                  <lb/>Fahrpreises in stimmender Münze –«</hi></p>
               <p>
                        <lb/>Dieses Höflichkeitsgeflecht wurde quer
                  <lb/>durchschnitten, indem die Brüder <persName ref="hoffmann_reinhard_wolfgang"> Hoffmann</persName> plötzlich mit dem Tausendmarkschein das
                  <lb/>Weite suchten.</p>
               <p>
                        <lb/>Über die Frage, wie der geschenkte Raub zu
                  <lb/>teilen sei, gerieten <persName ref="hoffmann_wolfgang">Wolfgang</persName> und
                  <lb/>
                        <persName ref="hoffmann_reinhard">Reinhard</persName> in Streit. Weil sie an Mut, Wut und Stärke
                  <lb/>einander nichts nachgaben, so teilten sie letztlich das Geld und ihre
                  <lb/>Brüderlichkeit durch 2 und gingen feindselig auseinander.
                  <lb/>
                        <persName ref="hoffmann_reinhard">Reinhard</persName> verscholl. Denn niemand wußte darum, daß er sich
                  <lb/>und seine 500 Mark bis <placeName>China</placeName> durchgebracht hatte. <persName ref="hoffmann_wolfgang">Wolfgang</persName>
                  <lb/>aber pachtete für sein Geld eine städtische <placeName>Bedürfnisanstalt an der Alster</placeName>.</p>
               <p>
                        <lb/>Vier Zellen hatte dieses primitive
                  <lb/>Etablissement. Davon florierten drei sehr ersprießlich zum Ärger des Pächters,
                  <lb/>während die vierte zum Ärger des Publikums dauernd verschlossen blieb. Sie sei von
                  <lb/>einem Chronischen besetzt, erklärte <persName ref="hoffmann_wolfgang">Wolfgang</persName> auf Befragen. In
                  <lb/>Wirklichkeit benutzte er jede frei Minute zwischen Aufschließen und Adieu-Sagen,
                  <lb/>beziehungsweise Einkassieren, um in jener geheimnisvollen Zelle emsig Bohrversuche
                  <lb/>anzustellen.</p>
               <p>
                        <lb/>Bald entdeckte er zu seiner Freude, daß er
                  <lb/>auf eine Wasserader gestoßen war. Gleichzeitig versagte in den Nebenstellen die
                  <lb/>Wasserspülung, aber <persName ref="hoffmann_wolfgang">Wolfgang</persName> beachtete das nicht weiter,
                  <lb/>sondern gab dem neuentdeckten Strahle eine Rohrbettung, die er zunächst verschloß,
                  <lb/>um sie später einmal wirtschaftlich und pekuniär auszubeuten. Inzwischen entzog er
                  <lb/>die zweite Zelle der öffentlichen Nutznießung und bohrte dort weiter. Mit seiner
                  <lb/>ingeniösen Begabung und mit dem reichlichen Gewinn, den die beiden anderen Zellen
                  <lb/>noch abwarfen, konnte er seine Bohrwerkzeuge aufs Trefflichste vervollkommnen.</p>
               <p>
                        <lb/>Abermals ward er fündig. Petroleum.
                  <lb/>Rohrleitung zugestopft. Ausnützung auf später verschoben.</p>
               <p>
                        <lb/>Während das Publikum vor der vierten, noch
                  <lb/>einzig aussichtsvollen Zelle in langer wartender Schlange anstand, bohrte
                  <lb/>
                        <persName ref="hoffmann_wolfgang">Wolfgang</persName> in der dritten. Und er wurde dort – wenigstens
                  <lb/>moralisch – 
                  <pb n="248"/>
                        <lb/>der Entdecker einer heißen
                  <lb/>Mineralquelle. Nicht juridisch, weil, als ihn seine Bedürfnisanstaltspflicht im
                  <lb/>entscheidenden Moment abrief, ihm zwei andere, harmlose Augen zeitlich zuvorkamen.
                  <lb/>Übrigens hatte <persName ref="hoffmann_wolfgang">Wolfgang</persName> nahezu das gleiche Interesse daran, diese heiße Quelle
                  <lb/>und die Kenntnis davon wieder zu verschütten, wie jener harmlose Senator, der in
                  <lb/>so mysteriöser Weise hinterrücks angebrüht worden war.</p>
               <p>
                        <lb/>Aber, wie das so geht, etwas sickerte doch
                  <lb/>durch. Die Anstalt blieb – öffentlich hieß es wegen Reparatur – vier Wochen lang
                  <lb/>geschlossen.</p>
               <p>
                  <persName ref="hoffmann_wolfgang">
                            <lb/>Wolfgang</persName> nutzte diese
                  <lb/>Zeit aus und bohrte und bohrte in der vierten Zelle. Bohrte und nahm immer längere
                  <lb/>Bohrstangen, verlängerte diese, fügte einen Ansatz nach dem anderen an die
                  <lb/>Verlängerungen, bohrte Tag und Nacht. War sich, nach dem Maße der Schnelligkeit,
                  <lb/>womit er tiefer drang, jederzeit darüber klar, welches Gestein oder welche
                  <lb/>Erdschicht er gerade durchbohrte. Bohrte unermüdlich, zuversichtlich, denn er
                  <lb/>wußte, daß das von ihm und seinem Bruder gemeinsam erfundene Material des Bohrers
                  <lb/>auch das härteste Gestein, ja, selbst Stahl überwinden würde.</p>
               <p>
                        <lb/>Dennoch stieß er eines Tages nicht nur auf
                  <lb/>Widerstand, sondern sogar auf Gegendruck. Er erbleichte für einen Moment. Dann
                  <lb/>hatte er's.</p>
               <p>
                        <lb/><hi rend="italic">»Mein Bruder! – das Luder!«</hi> rief er aus,
                  <lb/>ohne etwa in dieser haßerfüllten Stunde reimen zu wollen; er riß den Bohrer heraus
                  <lb/>und näherte ein Fernrohr und sein Auge der Öffnung.</p>
               <p>
                        <lb/>Wahrhaftig! Sein Bruder! Sein Bruder hatte
                  <lb/>von einer Gegenseite der Erdkugel aus ebenfalls gebohrt, und die beiden Richtungen
                  <lb/>begegneten sich zufällig in ein und derselben Linie.</p>
               <p>
                        <lb/>Deutlich erkannte
                  <lb/>
                        <persName ref="hoffmann_wolfgang">Wolfgang</persName> durch den etwa fünf Zentimeter breiten Bohrgang
                  <lb/>das giftige blutunterlaufene Auge des Bruders.</p>
               <p>
                        <lb/><hi rend="italic">»Schwein!«</hi> schrie er berstend vor Wut in die
                  <lb/>Öffnung hinein.</p>
               <p>
                        <lb/><hi rend="italic">»Rindsvieh!«</hi> kam es als Antwort zurück.</p>
               <p>
                        <lb/>Einen Tag lang beschimpften die Brüder sich
                  <lb/>wechselweise, dann versuchte jeder den anderen anzuspucken. Beide Spucken kamen
                  <lb/>niemals an. Dann versöhnten sich <persName ref="hoffmann_wolfgang">Wolfgang</persName> und
                  <lb/>
                        <persName ref="hoffmann_reinhard">Reinhard</persName> und riefen einander herzliche Grüße,
                  <lb/>Geburtstagswünsche und Neujahrsworte zu. Darauf kamen sie auf sachliche,
                  <lb/>demzufolge auf geschäftliche Gespräche. Dann rohrpusteten sie sich gegenseitig
                  <lb/>Schmuggelwaren zu: Opium gegen <placeName>Bayerische</placeName> Malzbonbons.
                  <pb n="249"/>
                        <lb/>Schließlich tauschten sie politische und börsianische
                  <lb/>Berichterstattungen aus und wurden – der eine in <placeName>China</placeName>, der andere in <placeName>Hamburg</placeName> –
                  <lb/>innerhalb von fünf Tagen als Propheten so reich und angesehen, daß jeder von ihnen
                  <lb/>den anderen, also den Mitwisser des Bohrlochgeheimnisses, aus der Welt wünschte,
                  <lb/>um sich dann unbesorgt zur Ruhe setzen zu können.</p>
               <p>
                        <lb/><hi rend="italic">»›Hallo!‹«</hi> Beide Brüder riefen sich in
                  <lb/>demselben Moment den verabredeten Anruf zu. Beide Brüder setzten im nächsten
                  <lb/>Moment eine Pistole an die Öffnung und schossen los; legten sodann ein Auge an, um
                  <lb/>die Wirkung ihres Schusses zu genießen.</p>
               <p>
                        <lb/>Im Erdinnern platzten die beiden
                  <lb/>losgefeuerten, mit Aufschlagzündern versehenen Geschosse aufeinander, an einer
                  <lb/>Stelle, wo sich Gase angesammelt hatten. Das schlagende Wetter fand nur zwei
                  <lb/>schmale, etwa fünf Zentimeter breite Ausgänge, die es mit Stichflammenkraft
                  <lb/>benützte.</p>
               <p>
                        <lb/>In einem <placeName>chinesischen</placeName> Tempel und in einer
                  <lb/>
                        <placeName>Hamburger Bedürfnisanstalt</placeName> wurde gleichzeitig je ein verkohlter Nachkomme
                  <lb/>
                        <persName ref="hoffmann_eta">E.T.A. Hoffmanns</persName> gefunden.</p>
            </div>
         </div>
      </body>
   </text>
</TEI>