<TEI xmlns="http://www.tei-c.org/ns/1.0" xmlns:xsi="http://www.w3.org/2001/XMLSchema-instance">
    <teiHeader xmlns:xi="http://www.w3.org/2001/XInclude" xmlns:a="http://www.textgrid.info/namespace/digibib/authors" xmlns:fn="http://www.w3.org/2005/xpath-functions">
        <fileDesc>
            <titleStmt>
                <title>Der arme Pilmartine</title>
            </titleStmt>
            <publicationStmt>
                <publisher/>
                <idno type="handle">hdl:11858/00-1734-0000-0004-973B-1</idno>
                <idno type="TextGridUri">textgrid:tdqj.0</idno>
                <availability>
                    <p>
                        <lb/>Der annotierte Datenbestand der Digitalen Bibliothek inklusive
                        Metadaten sowie <lb/>davon einzeln zugängliche Teile sind eine Abwandlung
                        des Datenbestandes von <lb/>www.editura.de durch TextGrid und werden unter
                        der Lizenz Creative Commons <lb/>Namensnennung 3.0 Deutschland Lizenz
                        (by-Nennung TextGrid) veröffentlicht. Die <lb/>Lizenz bezieht sich nicht auf
                        die der Annotation zu Grunde liegenden <lb/>allgemeinfreien Texte (Siehe
                        auch Punkt 2 der Lizenzbestimmungen). </p>
                    <p>
                        <ref target="http://creativecommons.org/licenses/by/3.0/de/legalcode">Lizenzvertrag</ref>
                    </p>
                    <p>
                        <ref target="http://creativecommons.org/licenses/by/3.0/de/">
                            <lb/>Eine vereinfachte <lb/>Zusammenfassung des rechtsverbindlichen
                            Lizenzvertrages in <lb/>allgemeinverständlicher Sprache </ref>
                    </p>
                    <p>
                        <ref target="http://www.textgrid.de/Digitale-Bibliothek">
                            <lb/>Hinweise zur Lizenz und <lb/>zur Digitalen Bibliothek</ref>
                    </p>
                </availability>
            </publicationStmt>
            <notesStmt>
                <note> Erstdruck in: »Jugend«, Nr. 3, <date when="1922">1922</date>. </note>
            </notesStmt>
            <sourceDesc>
                <biblFull>
                    <titleStmt>
                        <title>Joachim Ringelnatz: Das Gesamtwerk in sieben Bänden.</title>
                        <author key="pnd:118601121">Ringelnatz, Joachim</author>
                        <editor>
                            <name>Walter Pape</name>
                        </editor>
                    </titleStmt>
                    <extent>226-</extent>
                    <publicationStmt>
                        <publisher>Diogenes</publisher>
                        <date when="1994">1994</date>
                        <pubPlace>Zürich</pubPlace>
                    </publicationStmt>
                    <seriesStmt>
                        <title>Band 1: Gedichte, Band 2: Gedichte, Band 3: Dramen, Band 4:
                            Erzählungen, Band 5: Vermischte Prosa, Band 6: Mein Leben bis zum
                            Kriege, Band 7: Als Mariner im Krieg</title>
                    </seriesStmt>
                </biblFull>
            </sourceDesc>
        </fileDesc>
        <profileDesc>
            <creation>
                <date notBefore="1883" notAfter="1934"/>
            </creation>
            <textClass>
                <keywords scheme="http://textgrid.info/namespaces/metadata/core/2010#genre">
                    <term>other</term>
                </keywords>
            </textClass>
        </profileDesc>
    </teiHeader>
    <text>
        <body>
            <div type="text" xml:id="tg399.3">
                <div type="h4">
                    <head type="h4" xml:id="tg399.3.1">Der arme <persName ref="#pilmartine">Pilmartine</persName>
                    </head>
                    <p>
                        <lb/>Schon seit Wochen hatten Plakate verkündet, der Franzose <lb/><persName ref="pilmartine">Pilmartine</persName> würde einen neuen Fallschirm
                        vorführen. Auf der <lb/><placeName>Siebenhenkerwiese</placeName> war ein 30
                        m hoher Holzturm erbaut. Und an dem Sonntag strömten <lb/>die geputzten
                        Einwohner der kleinen Stadt hinaus.</p>
                    <p>
                        <lb/>Es ging vergnüglich, festlich und spannend <lb/>zu, wie bei jeder
                        ähnlichen Veranstaltung, und als <persName ref="pilmartine">Monsieur <lb/>
                            Pilmartine</persName> in einem Automobil auf der Wiese eintraf, wurde er
                        mit <lb/>Händeklatschen empfangen. Es folgte eine Ansprache, Musik. Dann sah
                        man den <lb/>Franzosen unten am Treppenansatz des Turmes verschwinden und
                        bald darauf oben auf <lb/>der Plattform des Turmes erscheinen, wo er einen
                        ungeheuren Schirm aufspannte.</p>
                    <p>
                        <lb/>Totenstille trat ein. Nur der infame Lümmel, <lb/>der <persName ref="pappendeik_fidje">Fidje Pappendeik</persName>, der Lehrling vom
                        Bürstenhändler <lb/>
                        <persName ref="hohmann">Hohmann</persName>, benahm sich auf dem Stehplatz
                        lausejungenmäßig, <lb/>indem er unentwegt laut gröhlte:<hi rend="italic"> »Abfahrt! Auf
                        Wiedersehen! Adieu!«</hi></p>
                    <p>
                        <lb/>Das weite Publikum zischte: <hi rend="italic">»Pst!«</hi> Man rief <lb/>empört:<hi rend="italic">»Maul halten!«</hi>
                        und schließlich:<hi rend="italic">»Raus mit dem Flegel!«</hi> Aber <lb/>
                        <persName ref="pappendeik_fidje">Fidje</persName>
                        <pb n="226"/>
                        <lb/><persName ref="pappendeik_fidje">
                            <lb/>Pappendeik</persName> überschrie alle: <hi rend="italic">»Laßt mich doch, ich fahre
                        jetzt <lb/>nach dem Monde!«</hi> Damit sprang er über die Barriere, lief in die
                        abgesperrte innere <lb/>Wiese, wo außer einem Arzt, einem Schutzmann, einem
                        Fahrrad, einer Bahre und zwei <lb/>Sanitätern sich nichts und niemand
                        befand. <persName ref="pappendeik_fidje">Fidje Pappendeik</persName>
                        <lb/>aber sprang mit behender Schnelligkeit auf das Fahrrad, fuhr ein Stück
                        über die <lb/>holperige Wiese hin, und auf einmal – – – ehe jemand daran
                        dachte, den Störenfried <lb/>– – auf einmal – ohne daß irgend jemand
                        bemerkte – niemand ahnte oder war darauf <lb/>gefaßt – kurz, auf einmal hob
                        sich das Fahrrad, und <persName ref="pappendeik_fidje">Fidje
                            Pappendeik</persName>
                        <lb/>fuhr auf einem ganz gewöhnlichen Fahrrad, nicht anders, <lb/>als wie
                        jeder Radfahrer fährt, fuhr aber durch die Luft, auf, über Luft, fuhr
                        <lb/>schräg aufwärts in die Wolken.</p>
                    <p>
                        <lb/>Kurzes Fluchen. Dann tausendfältiges <hi rend="italic">»Ah!« <lb/>»Bravo!«</hi> Begeistertes
                        Schreien.</p>
                    <p>
                        <lb/>Dieses Phänomen war unbeschreiblich <lb/>aufregend, packend,
                        verblüffend. Hinterher behaupteten alle Teilnehmer, es hätte <lb/>eine
                        Stunde gedauert. Und vollzog sich so schnell! Denn <persName ref="pappendeik_fidje">Fidje Pappendeik</persName>
                        <lb/>mochte noch keine hundert Meter zurückgelegt haben, unten <lb/>schoß
                        man Gratulationen ihm nach – als er ein schnelleres Tempo anschlug und bald
                        <lb/>darnach zwischen zwei Lämmerwölkchen verschwand.</p>
                    <p>
                        <lb/>Flüche und Verwünschungen wurden laut. Dem <lb/>Arzt war sein Fahrrad,
                            <persName ref="hohmann">Herrn Hohmann</persName> sein Lehrling, den
                        alten <lb/>
                        <persName ref="pappendeik_fidje">Pappendeiks</persName> ihr Einziger und
                        einem Zuckerbäcker sein <lb/>Hauptschuldner entschwunden. Kein Mensch hatte
                        mehr an <lb/>
                        <persName ref="pilmartine">Pilmartine</persName> gedacht. Darüber gebärdete
                        sich der Franzose so <lb/>wütend, daß er ausrutschend ohne Fallschirm vom
                        Turme fiel; und weil auch sein <lb/>Genickbruch vom Publikum über dem
                        höheren Ereignisse unbeachtet blieb, pumpten <lb/>sich nun auch der
                        Impresario und das pekuniär und ideell beteiligte Festkomitee <lb/>mit Zorn
                        auf. Half aber nix.</p>
                    <p>
                        <lb/>Die Stadt, die Provinz, die Hauptstadt, die <lb/>Sportwelt, die
                        Wissenschaft beschäftigten sich mehr und mehr und nach zwei Jahren
                        <lb/>weniger und weniger mit dem Wunder <persName ref="pappendeik_fidje">Fidje Pappendeiks</persName>
                        <lb/>Himmelfahrt. Kam auch nichts heraus. Denn einwandfrei ward
                        nachgewiesen: daß der <lb/>Sanitätsrat nicht mit im Spiel gewesen war, daß
                        sein Fahrrad ein durchaus normales <lb/>war und von <persName ref="pappendeik_fidje">Pappendeik</persName> gestohlen wurde und daß <lb/>
                        <persName ref="pappendeik_fidje">Pappendeik</persName> selber einen in jeder
                        Beziehung ordinären <lb/>Menschen und Lehrling darstellte.</p>
                    <p>
                        <pb n="227"/>
                        <lb/>Da <persName ref="vater">Vater</persName>
                        <persName ref="vater">Pappendeik</persName> das <lb/>Fahrrad und den
                        Zuckerbäcker sowie einige Beschwichtigungen bezahlte, so blieb <lb/>nichts
                        übrig als eine sich mehr und mehr entstellende Erinnerung an eine
                        <lb/>Massenvision und an jemanden, der wirklich weg war.</p>
                    <p>
                        <lb/>Drei Jahre waren nach dem Vorfall vergangen, <lb/>als der
                        Bürstenhändler <persName ref="hohmann">Hohmann</persName> eines Nachts durch
                        Straßenlärm <lb/>und Glassplitter geweckt wurde. Draußen stand fidel
                            <persName ref="pappendeik_fidje">Fidje Pappendeik</persName> mit dem
                        Fahrrad.</p>
                    <p>
                        <lb/>Lediglich aus Neugierde nahm <persName ref="hohmann">Herr <lb/>
                            Hohmann</persName> den alten Lehrling wieder auf und war alle Welt zu
                        diesem <lb/>freundlich. Aber weder dem Bürstenhändler noch irgend jemand
                        anderem, nicht einmal <lb/>seinen Eltern erzählte <persName ref="pappendeik_fidje">Fidje</persName> auch nur das Geringste von dem,
                        <lb/>was er erlebt hatte oder wo er gewesen wäre oder wie er so habe fliegen
                        können. Es <lb/>kamen Petitionen, Reporter, Professoren, jedoch wenn nicht
                        schon der eifersüchtige <lb/>
                        <persName ref="hohmann">Hohmann</persName> diese endlosen Wißbegierigen aus
                        dem Hause warf, so erstickte sein <lb/>Lehrling jedes Interview im Keime,
                        indem er sich plötzlich blödsinnig stellte und <lb/>stumm Grimassen schnitt
                        oder alle Fragen konstant mit Kopfschütteln beantwortete <lb/>oder auch gar
                        zu aufdringliche Beharrlichkeit durch noch aufdringlicheres
                        <lb/>unanständiges Benehmen in die Flucht jagte. <persName ref="pappendeik_fidje">Fidje Pappendeik</persName>
                        <lb/>war der verhaßteste Mensch.</p>
                    <p>
                        <lb/>Aber obwohl jeder Bürger gelegentlich jedem <lb/>Bürger einmal
                        versichert hatte, wie er für seine Person es nicht für der Rede wert
                        <lb/>hielte, sich mit einem unreifen Bengel und einer Jahrmarktsgaukelei
                        noch länger zu <lb/>befassen, so kochte und gährte doch überall eine alles
                        Dagewesene übertreffende <lb/>Neugierde. Das Gemüt einer ganzen Stadt blieb
                        in qualvoller Unordnung. Längst war <lb/>das Fahrrad verrostet, das man so
                        oft photographiert hatte, ohne daß irgend etwas <lb/>Auffälliges daran zu
                        entdecken war. Zahllose Bücher waren ohne Resultat <lb/>geschrieben worden.
                        Und <persName ref="pappendeik_fidje">Fidje Pappendeik</persName> lebte
                        harmlos <lb/>vergnügt, durchschnittsmäßig dahin; ohne etwas zu verraten und
                        ohne davon Notiz zu <lb/>nehmen, daß ein bohrendes Fragezeichen von ihm
                        ausgehend durch die Welt wucherte, <lb/>welches an Bedeutung beispielsweise
                        das <lb/>
                        <persName ref="shakespeare">Shakespeare</persName>-<persName ref="bacon">Bacon</persName>-Geheimnis übertraf. <lb/>
                        <persName ref="hohmann">Hohmann</persName> kündigte seinem Lehrling.</p>
                    <p>
                        <lb/>Alle Mitbürger ignorierten den grünen <lb/>Jungen. Nur der <persName ref="levin">
                            <lb/>
                            <roleName ref="kommerzienrat">Kommerzienrat</roleName> Dr. Ernst
                            Levin</persName> bewies den Mut <lb/>zu einer Sympathiebezeugung für
                            <persName ref="pappendeik_fidje">Fidje</persName>, indem er ihm ein
                        <lb/>stattliches Vermögen schenkte; starb allerdings gleich darauf an einer
                        <lb/>Darmfistel.</p>
                    <p>
                        <pb n="228"/>
                        <lb/>
                        <persName ref="pappendeik_fidje">Fidje Pappendeik</persName> war reich
                        geworden, lebte indessen nicht <lb/>viel anders wie bisher, harmlos,
                        vergnügt, durchschnittsmäßig, ohne zu verraten <lb/>und ohne Kenntnis zu
                        nehmen. Alles bahnte Versöhnung mit ihm an und haßte ihn <lb/>insgeheim noch
                        grimmiger.</p>
                    <p>
                        <lb/>Weil eine ganze Stadt zu ersticken drohte, <lb/>war es ein Verdienst
                        des <persName ref="kirschrot">
                            <roleName>Staatsanwaltes</roleName> Kirschrot</persName>, daß er
                        <lb/>einen Plan ersann zur sicheren und würdevollen Lüftung des
                        Mysteriums.</p>
                    <p>
                        <persName ref="kirschrot">
                            <lb/>
                            <lb/>Kirschrot</persName> bestach drei <lb/>Gasarbeiter mit
                        Enzianschnaps. Die drei Gasarbeiter erhoben Anklage gegen <lb/>
                        <persName ref="pappendeik_fidje">Fidje Pappendeik</persName> und
                        beschuldigten ihn:</p>
                    <p>
                        <lb/>1. Die Tochter des einen Gasarbeiters <lb/>entführt und verführt zu
                        haben,</p>
                    <p>
                        <lb/>2. im Ausland Spionage getrieben zu <lb/>haben,</p>
                    <p>
                        <lb/>3. als fanatischer Anhänger einer <lb/>kirchlichen Sekte zwei
                        Waisenkinder totgetreten und beraubt zu haben.</p>
                    <p>
                        <lb/>Dies alles verübt während der drei Jahre <lb/>nach seinem Start von der
                        Siebenhenkerwiese.</p>
                    <p>
                        <lb/>Dieser hochsensationelle sexual-politische
                        <lb/>Ritualdoppelraubmord-Prozeß mußte unter freiem Himmel verhandelt
                        werden. Die <lb/>gesamte Einwohnerschaft, das rostige Fahrrad und die
                        Siebenhenkerwiese waren <lb/>zugegen. Die Verhandlung gestaltete sich nach
                        der üblichen Einleitung etwa <lb/>folgendermaßen:</p>
                    <p>
                        <lb/>
                        <hi rend="spaced">
                            <lb/>
                            <persName ref="kirschrot">
                                <roleName ref="kirschrot">Staatsanwalt</roleName>
                                Kirschrot</persName>:</hi>
                        <lb/>Wo fuhren Sie zunächst <lb/>hin?</p>
                    <p>
                        <lb/>
                        <hi rend="spaced">
                            <lb/>
                            <persName ref="pappendeik_fidje">
                                <roleName ref="angeklagter">Angeklagter</roleName> Fidje
                                Pappendeik</persName>:</hi>
                        <lb/> In die Luft.</p>
                    <p>
                        <lb/>
                        <hi rend="spaced">
                            <lb/>
                            <persName ref="kirschrot">
                                <roleName ref="kirschrot">Staatsanwalt</roleName>
                                Kirschrot</persName>:</hi>
                        <lb/> Hatten Sie ein <lb/>bestimmtes Ziel und welches?</p>
                    <p>
                        <lb/>
                        <hi rend="spaced">
                            <lb/>
                            <persName ref="pappendeik_fidje">
                                <roleName ref="angeklagter">Angeklagter</roleName> Fidje
                                Pappendeik</persName>:</hi>
                        <lb/> Ja, den Mond.</p>
                    <p>
                        <lb/>
                        <hi rend="spaced">
                            <lb/>
                            <persName ref="kirschrot">
                                <roleName ref="kirschrot">Staatsanwalt</roleName>
                                Kirschrot</persName>:</hi>
                        <lb/> Erreichten Sie ihn?</p>
                    <p>
                        <lb/>
                        <hi rend="spaced">
                            <lb/>
                            <persName ref="pappendeik_fidje">
                                <roleName ref="angeklagter">Angeklagter</roleName> Fidje
                                Pappendeik</persName>:</hi>
                        <lb/> Nein, ich verirrte mich <lb/>und geriet auf den Fixstern Glyzerin.
                        (Bewegung im Publikum.)</p>
                    <p>
                        <lb/>
                        <hi rend="spaced">
                            <lb/>
                            <persName ref="kirschrot">
                                <roleName ref="kirschrot">Staatsanwalt</roleName>
                                Kirschrot</persName>:</hi>
                        <lb/> Was taten Sie dort? Wie <lb/>ging es zu? Wie lange blieben –? Erzählen
                        Sie der Wahrheit gemäß und recht <lb/>ausführlich. (Atemlose Stille.)</p>
                    <p>
                        <lb/>
                        <hi rend="spaced">
                            <lb/>
                            <persName ref="pappendeik_fidje">
                                <roleName ref="angeklagter">Angeklagter</roleName> Fidje
                                Pappendeik</persName>:</hi>
                        <lb/> Auf Glyzerin geht es <lb/>genau so zu wie bei uns, bloß daß die
                        Menschen dort nur von Leberwurst leben. <lb/>(Heiterkeit.)</p>
                    <p>
                        <lb/>
                        <hi rend="spaced">
                            <lb/>
                            <persName ref="kirschrot">
                                <roleName ref="kirschrot">Staatsanwalt</roleName>
                                Kirschrot</persName>:</hi>
                        <lb/> Und was taten Sie <lb/>dort?</p>
                    <p>
                        <lb/>
                        <hi rend="spaced">
                    
                            <persName ref="pappendeik_fidje">
                                <roleName ref="angeklagter">Angeklagter</roleName> Fidje
                                Pappendeik</persName>:</hi>
                        <lb/> Ich aß sechs Monate lang <lb/>Leberwurst. Dann bekam ich den
                        Durchfall, übergab mich und radelte davon. (Lärm, <lb/>Pfui-Rufe.)</p>
                    <p>
                        <lb/>
                        <hi rend="spaced">
                       
                            <persName ref="kirschrot">
                                <roleName ref="kirschrot">Staatsanwalt</roleName>
                                Kirschrot</persName>:</hi>
                        <lb/> Ich verbitte mir <lb/>jegliche Kundgebung seitens der <pb n="229"/>
                        Zuhörerschaft, <lb/>sonst sehe ich mich genötigt, den Ausschluß der
                        Öffentlichkeit zu be – (Atemlose <lb/>Stille.)</p>
                    <p>
                        <lb/>
                        <hi rend="spaced">
                            
                            <persName ref="kirschrot">
                                <roleName ref="kirschrot">Staatsanwalt</roleName>
                                Kirschrot</persName>:</hi>
                        <lb/>
                        <persName ref="pappendeik_fidje">
                            <roleName ref="angeklagter">Angeklagter</roleName> Fidje
                            Pappendeik</persName>, berichten <lb/>Sie weiter, genau und ausführlich.
                        Wo fuhren Sie hin? Was trafen Sie wie? <lb/>Wodurch?</p>
                    <p>
                        <lb/>
                        <hi rend="spaced">
                            <lb/>
                            <persName ref="pappendeik_fidje">
                                <roleName ref="angeklagter">Angeklagter</roleName> Fidje
                                Pappendeik</persName>:</hi>
                        <lb/> Ich geriet auf den <lb/>Planeten Klopsia. Dort gibt es nur anständige
                        Leute.</p>
                    <p>
                        <lb/>
                        <hi rend="spaced">
                            <lb/>
                            <persName ref="kirschrot">
                                <roleName ref="kirschrot">Staatsanwalt</roleName>
                                Kirschrot</persName>:</hi>
                        <lb/> Weiter! Weiter! Wieso? <lb/>Was heißt das? Erzählen Sie doch! Welcher
                        Gestalt taten Sie –?</p>
                    <p>
                        <lb/>
                        <hi rend="spaced">
                            <lb/>
                            <persName ref="pappendeik_fidje">
                                <roleName ref="angeklagter">Angeklagter</roleName> Fidje
                                Pappendeik</persName>:</hi>
                        <lb/> Ich legte mich in ein <lb/>Kohlrabibeet, schlief zwei Jahre lang und
                        radelte dann weiter.</p>
                    <p>
                        <lb/>
                        <hi rend="spaced">
                            <lb/>
                            <persName ref="kirschrot">
                                <roleName ref="kirschrot">Staatsanwalt</roleName>
                                Kirschrot</persName>:</hi>
                        <lb/> Häm – Sonderbar. – In <lb/>der Tat. – Aber die Methode ist uns nicht
                        mehr neu. Wir kommen schon dahinter. <lb/>Sprechen Sie weiter, <persName ref="pappendeik_fidje">
                            <roleName ref="angeklagter">Angeklagter</roleName> Fidje
                            Pappendeik</persName>. Wo? Nach welcher –?</p>
                    <p>
                        <lb/>
                        <hi rend="spaced">
                            <lb/>
                            <persName ref="pappendeik_fidje">
                                <roleName ref="angeklagter">Angeklagter</roleName> Fidje
                                Pappendeik</persName>:</hi>
                        <lb/> Ich landete auf dem <lb/>Seitenmonde Exlibris.</p>
                    <p>
                        <lb/>
                        <hi rend="spaced">
                            <lb/>
                            <persName ref="kirschrot">
                                <roleName ref="kirschrot">Staatsanwalt</roleName>
                                Kirschrot</persName>:</hi>
                        <lb/> Exlibris?? <lb/>(Unruhe.)</p>
                    <p>
                        <lb/>
                        <hi rend="spaced">
                            <lb/>
                            <persName ref="pappendeik_fidje">
                                <roleName ref="angeklagter">Angeklagter</roleName> Fidje
                                Pappendeik</persName>:</hi>
                        <lb/> Ja Exlibris. Dort ging <lb/>es fürchterlich zu. (Hört! Hört!)</p>
                    <p>
                        <lb/>
                        <hi rend="spaced">
                            <lb/>
                            <persName ref="kirschrot">
                                <roleName ref="kirschrot">Staatsanwalt</roleName>
                                Kirschrot</persName>:</hi>
                        <lb/> Fürchterlich? – Ruhe <lb/>auf der Galerie! wollte sagen unter freiem
                        Himmel. – Wieso fürchterlich?</p>
                    <p>
                        <lb/>
                        <hi rend="spaced">
                            <lb/>
                            <persName ref="pappendeik_fidje">
                                <roleName ref="angeklagter">Angeklagter</roleName> Fidje
                                Pappendeik</persName>:</hi>
                        <lb/> Ja. Ich kam todmüde an, <lb/>entkleidete mich, ohne recht zu wissen
                        wie, stopfte meine Kleider in den Schrank, <lb/>kroch ins Bett und schlief
                        gleich ein. Bis das Entsetzliche geschah. (Alle Zuhörer <lb/>stehen
                        unwillkürlich auf.)</p>
                    <p>
                        <lb/>
                        <hi rend="spaced">
                            <lb/>
                            <persName ref="kirschrot">
                                <roleName ref="kirschrot">Staatsanwalt</roleName>
                                Kirschrot</persName>:</hi>
                        <lb/> Welches Entsetzliche? <lb/>Stocken Sie doch nicht fortwährend.</p>
                    <p>
                        <lb/>
                        <hi rend="spaced">
                            <lb/>
                            <persName ref="pappendeik_fidje">
                                <roleName ref="angeklagter">Angeklagter</roleName> Fidje
                                Pappendeik</persName>:</hi>
                        <lb/> Ich erwachte plötzlich. <lb/>Die Lampe brannte. Da sah ich aus dem
                        Türspalt des Kleiderschrankes einen nackten <lb/>Arm herausragen, der mir
                        meine zerknüllte Hose reichte, und eine hohle Stimme <lb/>sagte: <hi rend="italic">»<persName ref="#liederjahn">Liederjahn</persName>!«</hi> Ich sträubte mein Haar, kroch
                        unters <lb/>Bettdeck. Und als ich wieder erwachte, hatte ich ein halbes Jahr
                        verschlafen. Da <lb/>radelte ich zur Erde zurück. (Minutenlanger Lärm, dann
                        Stille.)</p>
                    <p>
                        <lb/>
                        <hi rend="spaced">
                            <lb/>
                            <persName ref="kirschrot">
                                <roleName ref="kirschrot">Staatsanwalt</roleName>
                                Kirschrot</persName>:</hi>
                        <lb/>
                        <persName ref="pappendeik_fidje">
                            <roleName ref="angeklagter">Angeklagter</roleName> Fidje
                            Pappendeik</persName>, Sie haben <lb/>bisher dreist gelogen.</p>
                    <p>
                        <lb/>
                        <hi rend="spaced">
                            <lb/>
                            <persName ref="pappendeik_fidje">
                                <roleName ref="angeklagter">Angeklagter</roleName> Fidje
                                Pappendeik</persName>:</hi>
                        <lb/> Ja.</p>
                    <p>
                        <lb/>
                        <hi rend="spaced">
                            <lb/>
                            <persName ref="kirschrot">
                                <roleName ref="kirschrot">Staatsanwalt</roleName>
                                Kirschrot</persName>:</hi>
                        <lb/> Wir wissen Mittel und <lb/>Wege, Sie zahm zu machen. Aber erklären Sie
                        uns jetzt zunächst einmal, wie Sie es <lb/>fertig bringen, sich mit einem
                        Fahrrad in die Luft zu erheben.</p>
                    <p>
                        <lb/>
                        <hi rend="spaced">
                            <lb/>
                            <persName ref="pappendeik_fidje">
                                <roleName ref="angeklagter">Angeklagter</roleName> Fidje
                                Pappendeik</persName>:</hi>
                        <lb/> Das kann ich nicht. Ich <lb/>setze mich einfach drauf und fliege
                        los.</p>
                    <p>
                        <lb/>
                        <hi rend="spaced">
                            <pb n="230"/>
                            <lb/>
                            <persName ref="kirschrot">
                                <roleName ref="kirschrot">Staatsanwalt</roleName>
                                Kirschrot</persName>:</hi>
                        <lb/> Quatsch! Ich setze <lb/>mich auch einfach drauf und fliege nicht los.
                        Also!?</p>
                    <p>
                        <lb/>
                        <hi rend="spaced">
                            <lb/>Der <persName ref="pappendeik_fidje">
                                <roleName ref="angeklagter">Angeklagter</roleName> Fidje
                                Pappendeik</persName>
                        </hi>
                        <lb/>(schweigt.)</p>
                    <p>
                        <lb/>
                        <hi rend="spaced">
                            <lb/>
                            <persName ref="kirschrot">
                                <roleName ref="kirschrot">Staatsanwalt</roleName>
                                Kirschrot</persName>:</hi>
                        <lb/> Können Sie uns den <lb/>Vorgang vielleicht praktisch vorführen?</p>
                    <p>
                        <lb/>
                        <hi rend="spaced">
                            <lb/>
                            <persName ref="pappendeik_fidje">
                                <roleName ref="angeklagter">Angeklagter</roleName> Fidje
                                Pappendeik</persName>:</hi>
                        <lb/> Ja. (Es wird ihm das <lb/>rostige Fahrrad gebracht.)</p>
                    <p>
                        <lb/>
                        <hi rend="spaced">
                            <lb/>
                            <persName ref="pappendeik_fidje">
                                <roleName ref="angeklagter">Angeklagter</roleName> Fidje
                                Pappendeik</persName>
                        </hi>
                        <lb/> (vormachend.): Ich <lb/>ergreife die Lenkstange erst mit der linken,
                        dann mit der rechten Hand. Dann setze <lb/>ich den linken Fuß auf das linke
                        Pedal. Dann hole ich ganz, ganz tief Atem. <lb/>(Allgemeines tiefes
                        Atemholen.)</p>
                    <p>
                        <lb/>
                        <hi rend="spaced">
                            <lb/>
                            <persName ref="kirschrot">
                                <roleName ref="kirschrot">Staatsanwalt</roleName>
                                Kirschrot</persName>:</hi>
                        <lb/> Das ist recht, so <lb/>erzählen Sie vernünftig. Fahren Sie fort!</p>
                    <p>
                        <lb/>
                        <hi rend="spaced">
                            <lb/>
                            <persName ref="pappendeik_fidje">
                                <roleName ref="angeklagter">Angeklagter</roleName> Fidje
                                Pappendeik</persName>:</hi>
                        <lb/> Dann fahre ich fort. (Er <lb/>schwingt sich auf den Sattel und tritt
                        an. Fährt ein Stück über den Rasen, hebt <lb/>sich dann in die Luft und
                        bewegt sich erst langsam, auf einmal sehr schnell gen <lb/>Himmel.)</p>
                    <p>
                        <lb/>Und kam nie zurück.</p>
                </div>
            </div>
        </body>
    </text>
</TEI>