<TEI xmlns="http://www.tei-c.org/ns/1.0" xmlns:xsi="http://www.w3.org/2001/XMLSchema-instance">
   <teiHeader xmlns:xi="http://www.w3.org/2001/XInclude" xmlns:a="http://www.textgrid.info/namespace/digibib/authors" xmlns:fn="http://www.w3.org/2005/xpath-functions">
      <fileDesc>
         <titleStmt>
            <title>Die Walfische und die Fremde</title>
         </titleStmt>
         <publicationStmt>
            <publisher/>
            <idno type="handle">hdl:11858/00-1734-0000-0004-98D1-5</idno>
            <idno type="TextGridUri">textgrid:tf6j.0</idno>
            <availability>
               
               <p>
                        <lb/> Der annotierte Datenbestand der Digitalen Bibliothek inklusive Metadaten sowie
                  <lb/> davon einzeln zugängliche Teile sind eine Abwandlung des Datenbestandes von
                  <lb/> www.editura.de durch TextGrid und werden unter der Lizenz Creative Commons
                  <lb/> Namensnennung 3.0 Deutschland Lizenz (by-Nennung TextGrid) veröffentlicht. Die
                  <lb/> Lizenz bezieht sich nicht auf die der Annotation zu Grunde liegenden
                  <lb/> allgemeinfreien Texte (Siehe auch Punkt 2 der Lizenzbestimmungen). </p>
               <p>
                  <ref target="http://creativecommons.org/licenses/by/3.0/de/legalcode">Lizenzvertrag</ref>
               </p>
               <p>
                  <ref target="http://creativecommons.org/licenses/by/3.0/de/">
                            <lb/> Eine vereinfachte
                     <lb/> Zusammenfassung des rechtsverbindlichen Lizenzvertrages in
                     <lb/> allgemeinverständlicher Sprache </ref>
               </p>
               <p>
                  <ref target="http://www.textgrid.de/Digitale-Bibliothek">
                            <lb/> Hinweise zur Lizenz und
                     <lb/> zur Digitalen Bibliothek</ref>
               </p>
            </availability>
         </publicationStmt>
         <notesStmt>
            <note> Erstdruck in: »Simplicissimus«, 27, Nr. 15, <date when="1922">1922</date> </note>
         </notesStmt>
         <sourceDesc>
            <biblFull>
               <titleStmt>
                  <title>Joachim Ringelnatz: Das Gesamtwerk in sieben Bänden.</title>
                  <author key="pnd:118601121">Ringelnatz, Joachim</author>
                  <editor>
                     <name>Walter Pape</name>
                  </editor>
               </titleStmt>
               <extent>260-</extent>
               <publicationStmt>
                  <publisher>Diogenes</publisher>
                  <date when="1994">1994</date>
                  <pubPlace>Zürich</pubPlace>
               </publicationStmt>
               <seriesStmt>
                  <title>Band 1: Gedichte, Band 2: Gedichte, Band 3: Dramen, Band 4: Erzählungen, Band 5: Vermischte Prosa, Band 6: Mein Leben bis zum Kriege, Band 7: Als Mariner im Krieg</title>
               </seriesStmt>
            </biblFull>
            
         </sourceDesc>
      </fileDesc>
      <profileDesc>
         <creation>
            <date notBefore="1883" notAfter="1934"/>
         </creation>
         <textClass>
            <keywords scheme="http://textgrid.info/namespaces/metadata/core/2010#genre">
               <term>other</term>
            </keywords>
         </textClass>
      </profileDesc>
   </teiHeader>
   <text>
      <body>
         <div type="text" xml:id="tg407.3">
            <div type="h4">
               <head type="h4" xml:id="tg407.3.1">Die Walfische und die Fremde</head>
               <p>
                        <lb/>Bereits eine Stunde später bildete sich ein
                  <lb/>Komitee. Man wollte den Schiffbrüchigen das Mitgefühl der Stadt übermitteln, sie
                  <lb/>als Fremdlinge gastlich bewirten beziehungsweise unterhalten und von der
                  <lb/>offiziellen Sympathie für <placeName>Deutschland</placeName> überzeugen. Man wollte
                  <lb/>auch bei dieser für den kommenden Sonntag gedachten Veranstaltung
                  <lb/>ihnen ordentlich imponieren.</p>
               <p>
                        <lb/>Großzügig vorausgesetzt, daß sie sich bis
                  <lb/>dahin erholt haben, ferner auch nicht an den Folgen gestorben sein würden, sollte
                  <lb/>sich das Programm etwa so entwickeln:</p>
               <p>
                        <lb/>Warme Begrüßung am Genesungslager. (Schon
                  <lb/>schloß sich ein Senator nach dem andern zum Auswendiglernen ein.) – Rundfahrt
                  <lb/>durch Stadt und Musehenswürdigkeiten. (Lastautos stellte in hochherziger Weise die
                  <lb/>bedeutendste Speditionsfirma.) – Flüchtige
                  <pb n="260"/>
                  <lb/>nähere Besichtigungen. (Die städtische Bibliothek sicherte freien Eintritt, das
                  <lb/>Museum für internationale Laryngoskopie Stundung der Garderobegebühren zu.) – Der
                  <lb/>berühmte, aus gerösteten Bananenschalen hergestellte Wolkenkratzer sollte von oben
                  <lb/>bis unten mit deutschen Briefmarken beklebt werden. (Gestiftet von einem ungenannt
                  <lb/>bleiben wollenden, sechsfachen Multimillionär, der sie von Bittgesuchen
                  <lb/>abgesammelt hatte.) – Trauliches Beisammensein mit Kaffeekredenz und Kuchenbergen
                  <lb/>im Klubhaus der inneren Mission für Kammerjagdsport. – Wohltätigkeitskonzert. –
                  <lb/>Tanz der tausend vornehmsten Babys. – Dann vielleicht Feuerwerk im Germanischen
                  <lb/>Ratskeller, Böllerläuten, Glockenschüsse oder so. Die Entscheidung über den
                  <lb/>weiteren Verlauf balancierte vorläufig noch auf einem Gewoge von Portwein und
                  <lb/>Beleidigungen.</p>
               <p>
                        <lb/>Die Frau von dem Verwalter von der
                  <lb/>Schlauchhalle von der Hafenstation von der Feuerwehr lernte lügen. Während ihr
                  <lb/>Mann seit Stunden von Lokal zu Lokal eilte, um den wachthabenden Arzt zu suchen,
                  <lb/>erfuhr sie, daß ihr Geld und ihr Ansehen wuchsen, je mehr sie den neugierig
                  <lb/>Zuströmenden vorlog. Sie kam sich, nicht zu Unrecht, vor, als habe sie selber
                  <lb/>Schiffbruch gelitten. Anfangs wußte sie nur wenig. Man hatte die sieben
                  <lb/>besinnungslosen Riesen in die Schlauchhalle getragen. Man hatte ihnen die nassen
                  <lb/>Matrosenkleider ausgezogen und dafür erst mal saubere Feuerwehruniformen
                  <lb/>angezogen. Dann hatte man sie in Wolldecken gehüllt und auf die elastischen
                  <lb/>Schläuche gebettet. Nun mußten sie vor allen Dingen einmal schlafen, schlafen und
                  <lb/>nochmals schlafen. Keinesfalls durfte man sie stören. <hi rend="italic">»Nein, auch nicht einmal
                  <lb/>sehen!« – »Nein, danke, auch nicht für Trinkgeld.«</hi></p>
               <p>
                        <lb/>Ergreifende Stunden verannen. <hi rend="italic">»Sagte ich's
                  <lb/>nicht?«</hi>, der wachthabende Arzt wurde gefunden. Er sagte gleich: <hi rend="italic">»Vor allen Dingen:
                  <lb/>Ruhe, Ruhe und nochmals Ruhe!«</hi> Dennoch setzte er sich sofort mit den Kollegen vom
                  <lb/>Krankenhaus in Verbindung, die im Nu ungeteilter Meinung waren. In der Hauptsache
                  <lb/>galt es, die Geretteten zunächst einmal stundenlang unbehelligt zu lassen.</p>
               <p>
                        <lb/>Diese gründlich ausgeübte Passivität fand
                  <lb/>leider eine jähe Unterbrechung durch Feueralarm. Im Schuppen einer Spritfabrik
                  <lb/>hatte Stroh Stroh entzündet. Die Deutschen schliefen auf den Spritzenschläuchen.
                  <lb/>Es überstürzten sich viele Ansichten und Telephongespräche, verpaßten sich oder
                  <lb/>hoben sich auf. Indessen hatte einer der beiden Uhrzeiger noch keine Rundwanderung
                  <pb n="261"/> <lb/>vollenden können, als ein Chefarzt, mehrere
                  <lb/>Unterärzte, viele Seitenärzte und zahllose medizinische Handwerker sich in
                  <lb/>Rangordnung, lautlos, auf Strümpfen der Tür der Schlauchhalle der Hafenstation der
                  <lb/>Feuerwehr näherten. Leise wurde die Klinke herabgedrückt, laut quietschten die
                  <lb/>Angeln. Und die Versammlung sah auf den Schläuchen sieben sauber zusammengefaltete
                  <lb/>Wolldecken. Und das Fenster stand offen.</p>
               <p>
                        <lb/>Etwa zwei Seemeilen südlich vom
                  <lb/>Bananenkratzer und zirka ebensoviel Knoten westlich vom Klubhaus der inneren
                  <lb/>Mission für Kammerjagdsport schlängelt sich zwischen freundlich bunten
                  <lb/>Delikateßgeschäften und lustig belebten Wirtshäusern ein anspruchsloser Weg im
                  <lb/>weiten Bogen um die städtische Bibliothek herum. Kurz vorm <placeName>Germanischen Ratskeller</placeName>
                  <lb/>schwenkten die sieben Deutschen nach links ab. Das Geld in ihren nassen Taschen
                  <lb/>hing wohlverschlossen im Trockenschrank der Hafenstation der Feuerwehr. Die
                  <lb/>Feuerwehrknöpfe mußten schlecht vergoldet sein; niemand wollte sie als
                  <lb/>Zahlungsmittel anerkennen. Aber es war schon erfreulich, mal wieder an Land zu
                  <lb/>sein, ohne arbeiten zu müssen, frei herumzubummeln und sich in der Fremde heimisch
                  <lb/>zu fühlen. Hier fiel ein deutsches Firmenschild auf. Dort war ein Feuer
                  <lb/>ausgebrochen; und weil dort leere Hektoliterfässer herumstanden, schöpften die
                  <lb/>Deutschen damit Wasser aus einem Kanal und löschten das Feuer. Und dann kam
                  <lb/>plötzlich ein hochanständiger, feiner Herr auf sie zu, wahrscheinlich der
                  <lb/>Fabrikdirektor, ein echter, eleganter <hi rend="italic">gentleman,</hi> und schenkte ihnen ein volles Hektoliterfaß. Und weil keiner
                  <lb/>von ihnen <hi rend="italic">»danke«</hi> gesagt oder irgendwas gesagt hatte, genierten sie sich und zogen
                  <lb/>sich mit dem Faß in einen dunklen Hofwinkel zurück. Bald setzten sie ihren
                  <lb/>Spaziergang fort.</p>
               <p>
                        <lb/>Nicht etwa, daß sie stumpf und blind
                  <lb/>dahingeschossen wären. Nein, sie gingen einmal auf die andere Seite der Straße, um
                  <lb/>irgendworüber zu lachen, und dann waren sie wieder auf der einen Seite, um das
                  <lb/>Elterngrab zu pfeifen. Bis sie auf einmal hart hinfielen.</p>
               <p>
                        <lb/>Weil sie einer vornehmen, jungen Dame
                  <lb/>ausweichen wollten, die mit zierlichen Schritten um die Ecke bog. <hi rend="italic">»Wir tun Ihnen
                  <lb/>nichts. Wir sind Seeleute.«</hi> Ein zartes Stimmchen antwortete auf italienisch. Das
                  <lb/>kleine, blonde Persönchen verstand zwar nicht die deutsche Sprache, aber sie hatte
                  <lb/>sich verirrt. Und sie hätte soviel Vertrauen zu Seeleuten, und ihr Mütterchen
                  <lb/>vermißte sie gewiß schon, und ob sie sie nicht bis an ihr Häuschen begleiten
                  <lb/>wollten,
                  <pb n="262"/> <lb/>sie fürchte sich sehr, überfallen zu
                  <lb/>werden, weil sie sehr viel Geld und Schmuck bei sich trüge und sei aus adliger
                  <lb/>Geburt, aber man sollte sie einfach mit ihrem Vornamen <persName ref="darlingchen">Darlingchen</persName> anreden, zumal
                  <lb/>sie Landsleute wären. Und sie trügen gewiß nicht so viel Schmuck bei sich, und sie
                  <lb/>würde schon dafür sorgen, daß sie daheim ein Schlückchen Wein zur Stärkung
                  <lb/>bekämen; aber viel Geld hätten Seeleute auch immer bei sich –</p>
               <p>
                        <lb/>Die Matrosen nickten zu allem ja und waren
                  <lb/>total begeistert verdattert. Sechs von den siebem blickten immer verlegen weg,
                  <lb/>weil die so reden konnte, aber alles hatte Hand und Fuß, und weil das kurze
                  <lb/>Samtkleidchen so tief ausgeschnitten war. Der siebente beguckte sich immer
                  <lb/>derweilen heimlich aus dem Hintergrunde das fremde Mädchen ganz lange. Abwechselnd
                  <lb/>war jeder mal der hintere.</p>
               <p>
                        <lb/>Langsam mußten sie einen Fuß vor den anderen
                  <lb/>setzen, damit die lila Beinchen mit den trippelnden Goldkäferchenschuhchen nicht
                  <lb/>außer Atem kämen. Sprach sämtliche Sprachen; alle Länder hatte sie bereist. Sie
                  <lb/>kannte sogar die <placeName>Burgstraße in Leipzig</placeName> und den <placeName>Gänsemarkt in Hamburg</placeName>.</p>
               <p>
                        <lb/>Das Häuschen hatte rotseidene Gardinchen. An
                  <lb/>dem großartigen schmiedeeisernen Treppengeländer hingen Girlanden. Oben waren alle
                  <lb/>Möbelchen aus Lack. Und neben dem schönen Ofen mit den vergoldeten Kacheln saß das
                  <lb/>Mütterchen, die war nicht so schön wie <persName ref="darlingchen">Darlingchen</persName> (eigentlich sah sie wie eine
                  <lb/>dicke Sau aus), aber sie machte allen Ulk mit, rauchte Pfeifchen, und <persName ref="darlingchen">Darlingchen</persName>
                  <lb/>nannte ihr Mütterchen nur auf französisch <hi rend="italic">»<persName ref="mutter">Madamchen</persName>«</hi>. In der Ecke hockte ein
                  <lb/><persName ref="negerchen">Negerchen</persName>, das Zither spielte. Aber draußen schlich ein häßlicher – ein häßliches
                  <lb/><persName ref="haelterchen">Halunkchen</persName> herum; <persName ref="darlingchen">Darlingchen</persName> rief ihm <hi rend="italic">»<persName ref="haelterchen">Hälterchen</persName>«</hi> zu, da verschwand es. Und
                  <lb/><persName ref="darlingchen">Darlingchen</persName> war wie ein ausgelassenes Kind. Sie neckte die Seebären, weil sie gar
                  <lb/>nicht wie richtige Deutsche tränken. Und trank ihnen selbst ein Literchen Rum vor.
                  <lb/>Sie konnte blitzschnell eine Reihe Knöpfchen aufknöpfen. Tausend urkomische
                  <lb/>Einfälle hatte sie. Auch ein Kunststück mit einem deutschen Tausendmarkschein fiel
                  <lb/>ihr ein. Aber da erinnerten sich die Matrosen an ihre nassen Kleider bei der
                  <lb/>Feuerwehr und sangen auf einmal die Lorelei.</p>
               <p>
                        <lb/>Doch mit dem <persName ref="negerchen">Negerchen</persName> und dem <persName ref="haelterchen">Hälterchen</persName>
                  <lb/>stimmte was nicht. Die tuschelten an der Tür so hinterlistig, so, als ob sie gegen
                  <lb/>Darlingchen was im Schilde führten. Deshalb erhoben sich die
                  <pb n="263"/> <lb/>Deutschen ein wenig und indem hatten sie den Ofen und
                  <lb/>das Treppengeländer in der Hand.</p>
               <p>
                        <lb/>Weil sie morgens völlig nackt auf dem
                  <lb/>Bürgersteig erwachten, blickten sie sehr erstaunt nach dem Häuschen auf. Aus dem
                  <lb/>Fensterchen rief ihnen <persName ref="mutter">Madamchen</persName> Schimpfwörtchen zu, und neben ihr stand
                  <lb/>
                        <persName ref="darlingchen">Darlingchen</persName> und warf Ofenkachelchen, Glassplitter und Treppengeländerchen herab.
                  <lb/>Daraus schlossen sie, daß das Häuschen ein öffentliches Häuschen wäre, und machten
                  <lb/>sich beschämt auf, um ihre nassen Hosen von der Feuerwehr zurückzuerbitten.</p>
               <p>
                        <lb/>Sie tanzten in hastigen Wendungen umeinander
                  <lb/>vorwärts, um durch Schnelligkeit der Bewegung ihre Blößen zu verdecken. Trotzdem
                  <lb/>wurden sie unverhofft verhaftet. Drei Wochen durch schliefen sie sich willig im
                  <lb/>Gefängnis aus. Danach trug man sie in schwere Ketten gefesselt in den Gerichtssaal
                  <lb/>und lehnte sie dort gegen die Wand, unter deren Fenstern die freie, ewige See
                  <lb/>brandet. Bei dem Nacktsein auf der Straße hatten sich die Seeleute etwas verkühlt.
                  <lb/>Deshalb niesten sie, als das Urteil verkündet wurde. Da zerplatzten ihre Ketten
                  <lb/>wie Zigarettenbanderolen, und die Wand stürzte ein.</p>
               <p>
                        <lb/>Als sich die ungeheure Staubwolke langsam
                  <lb/>auf alle Bilderrahmen der Stadt gesetzt hatte, sah man fern draußen im wogenden
                  <lb/>Ozean sieben Walfische unter ruhigen, weit ausholenden Flossenschlägen
                  <lb/>entschwinden.</p>
               
            </div>
         </div>
         
      </body>
   </text>
</TEI>