<TEI xmlns="http://www.tei-c.org/ns/1.0" xmlns:xsi="http://www.w3.org/2001/XMLSchema-instance">
   <teiHeader xmlns:xi="http://www.w3.org/2001/XInclude" xmlns:a="http://www.textgrid.info/namespace/digibib/authors" xmlns:fn="http://www.w3.org/2005/xpath-functions">
      <fileDesc>
         <titleStmt>
            <title>Diplingens Abwesenheit</title>
         </titleStmt>
         <publicationStmt>
            <publisher/>
            <idno type="handle">hdl:11858/00-1734-0000-0004-97EB-6</idno>
            <idno type="TextGridUri">textgrid:tdxp.0</idno>
            <availability>
               
               <p>
                        <lb/> Der annotierte Datenbestand der Digitalen Bibliothek inklusive Metadaten sowie
                  <lb/> davon einzeln zugängliche Teile sind eine Abwandlung des Datenbestandes von
                  <lb/> www.editura.de durch TextGrid und werden unter der Lizenz Creative Commons
                  <lb/> Namensnennung 3.0 Deutschland Lizenz (by-Nennung TextGrid) veröffentlicht. Die
                  <lb/> Lizenz bezieht sich nicht auf die der Annotation zu Grunde liegenden
                  <lb/> allgemeinfreien Texte (Siehe auch Punkt 2 der Lizenzbestimmungen). </p>
               <p>
                  <ref target="http://creativecommons.org/licenses/by/3.0/de/legalcode">Lizenzvertrag</ref>
               </p>
               <p>
                  <ref target="http://creativecommons.org/licenses/by/3.0/de/"> <lb/>Eine vereinfachte
                     <lb/> Zusammenfassung des rechtsverbindlichen Lizenzvertrages in
                     <lb/> allgemeinverständlicher Sprache </ref>
               </p>
               <p>
                  <ref target="http://www.textgrid.de/Digitale-Bibliothek">
                            <lb/> Hinweise zur Lizenz und
                     <lb/> zur Digitalen Bibliothek</ref>
               </p>
            </availability>
         </publicationStmt>
         <notesStmt>
            <note> Erstdruck in: »Der Drache«, 3, Heft 43, <date when="1922">1922</date> </note>
         </notesStmt>
         <sourceDesc>
            <biblFull>
               <titleStmt>
                  <title>Joachim Ringelnatz: Das Gesamtwerk in sieben Bänden.</title>
                  <author key="pnd:118601121">Ringelnatz, Joachim</author>
                  <editor>
                     <name>Walter Pape</name>
                  </editor>
               </titleStmt>
               <extent>235-</extent>
               <publicationStmt>
                  <publisher>Diogenes</publisher>
                  <date when="1994">1994</date>
                  <pubPlace>Zürich</pubPlace>
               </publicationStmt>
               <seriesStmt>
                  <title>Band 1: Gedichte, Band 2: Gedichte, Band 3: Dramen, Band 4: Erzählungen, Band 5: Vermischte Prosa, Band 6: Mein Leben bis zum Kriege, Band 7: Als Mariner im Krieg</title>
               </seriesStmt>
            </biblFull>
            
         </sourceDesc>
      </fileDesc>
      <profileDesc>
         <creation>
            <date notBefore="1883" notAfter="1934"/>
         </creation>
         <textClass>
            <keywords scheme="http://textgrid.info/namespaces/metadata/core/2010#genre">
               <term>other</term>
            </keywords>
         </textClass>
      </profileDesc>
   </teiHeader>
   <text>
      <body>
         <div type="text" xml:id="tg401.3">
            <div type="h4">
               <head type="h4" xml:id="tg401.3.1">
                  <pb n="235" xml:id="tg401.3.1.1"/>
                  <persName ref="diplingens">Diplingens</persName> Abwesenheit</head>
               
               <p>
                        <lb/> Nach dem sechzigsten Wirbelmotor mit Repetier-Kolben-Schaltung
                  <lb/> wurde <persName ref="silbig">Herr Silbig: Dipl. Ing., Diplom-Ingenieur</persName> und so reich,
                  <lb/> daß er sich in <placeName>Kufstein</placeName> neben dem <placeName>Hotel Auracher</placeName> ein kleines Haus erwerben konnte,
                  <lb/> wo er sich und seine Frau zur Ruhe setzte. Beide Gatten waren entschlossen, auch
                  <lb/> dort wie bisher in <placeName>Paris</placeName> ohne Dienstboten zu leben. Ebenso besorgten sie die
                  <lb/> Einrichtung nach Möglichkeit ohne fremde Hilfe: Und diese Einrichtung war nicht
                  <lb/> nur komfortabel zu nennen. Da wurde ein Zimmer des unteren Stockwerks zum
                  <lb/> exotischen Wintergarten gewandelt. Schöne Palmen, seltene Orchideen und Kakteen
                  <lb/> entsprossen einer Erdschicht, die den zementierten Fußboden bedeckte, und zwischen
                  <lb/> den mit Schlingpflanzen verwobenen Gewächsen luden Amoretten und Lustbetten zum
                  <lb/> Ruhen ein. Über diesem Zimmer war im höheren Stockwerk, und gleichfalls durch
                  <lb/> Zement gesichert, ein Schwimmbassin für zwei Personen angelegt. Und alles andere
                  <lb/> war so perfekt auf Schönheit und Bequemlichkeit ausgearbeitet, daß
                  <lb/><persName ref="silbig_mann">Silbigs</persName> oder <persName ref="diplingens">Diplingens</persName>, wie man sie
                  <lb/> in <placeName>Kufstein</placeName> nannte, schon nach vierwöchigem Aufenthalt sich gelangweiligt nach
                  <lb/><placeName>Paris</placeName> zurücksehnten. Da war es ihnen sogar angenehm, als ihr Neffe
                  <lb/> <persName ref="oberreich">Oberreich</persName> aus <placeName>Kopenhagen</placeName> seinen Besuch anmeldete.</p>
               <p>
                        <lb/>
                  <persName ref="oberreich">Hans Oberreich</persName> war ihnen in <placeName>Paris</placeName>
                  <lb/> oft ein ungern gesehener Gast gewesen, weil er so viel Unruhe brachte und weil er
                  <lb/> einen Beruf, den es eigentlich nur in Witzblättern geben sollte –
                  <lb/><persName ref="oberreich">Hans</persName> nannte sich nämlich <persName ref="oberreich">Impresario</persName>
                  <lb/> –, gewählt hatte und gar nicht ausübte. Aber diese Unruhe schien
                  <lb/><persName ref="diplingens">Diplingens</persName> nun beinahe willkommen; vielleicht freuten sich
                  <lb/> auch beide insgeheim darauf, dem Neffen mit ihrer Villa zu imponieren.</p>
               <p>
                        <lb/> Als <persName ref="oberreich">Oberreich</persName> eintraf,
                  <lb/> fanden <persName ref="silbig_frau">Silbigs</persName> ihn übrigens gar nicht so übel, wie sie nach
                  <lb/> ihrer Erinnerung vermeint hatten. Im Gegenteil: er benahm sich außerordentlich
                  <lb/> wohltuend, wußte sich bescheiden und unterhaltsam anzupassen. Er brachte sogar ein
                  <lb/> drolliges Geschenk mit, einen kleinen, ganz jungen Goldfisch, den er, nicht ohne
                  <lb/> Schwierigkeiten, in einem Einmachglas von <placeName>Dänemark</placeName> bis nach <placeName>Tirol</placeName> transportiert
                  <lb/> hatte. Und überhaupt betrug sich der Neffe – er hatte so laute, <pb n="236"/> <lb/> begeisterte <hi rend="italic">»Oh«</hi>-Rufe und <hi rend="italic">»Ah«</hi>-Rufe für die
                  <lb/> Lustwohnung.</p>
               <p>
                        <lb/> Erst nach <persName ref="oberreich">Oberreichs</persName>
                  <lb/> Abreise entdeckten <persName ref="diplingens">Diplingens</persName>, daß er das Schwimmbad mit
                  <lb/> Suppenwürze oder so was verunreinigt hatte. Sie suchten diesen unangenehmen
                  <lb/> Menschen zu vergessen, was nicht ganz leicht war, weil sie den kleinen Goldfisch
                  <lb/> so liebgewonnen hatten. Er war so rührend unbeholfen in seiner jugendlichen
                  <lb/> Unerfahrenheit. Er hatte auch noch gar keine rötliche, sondern sozusagen: gar
                  <lb/> keine Farbe, war überhaupt ganz unansehnlich, eigentlich nur ein kleines, etwas
                  <lb/> längliches Bläschen. Danach tauften sie ihn auch <hi rend="italic">»<persName ref="blaeschen">Bläschen</persName>«</hi>. Für <persName ref="blaeschen">Bläschen</persName> wurde
                  <lb/> ein Goldfischglas beschafft, das man auf einem Gipssockel in den Wintergarten
                  <lb/> stellte, und man fütterte das Fischlein täglich mit 48 Ameiseneiern.</p>
               <p>
                        <lb/>
                  <persName ref="blaeschen">Bläschen</persName> hier und <persName ref="blaeschen">Bläschen</persName> da. Aber nach acht
                  <lb/> Tagen wird jeder Fisch langweilig. Diplom-Ingenieurs fingen, jeder getrennt für
                  <lb/> sich, an, zu überlegen, ob sich nicht gemeinsam erwägen ließe, inwiefern es
                  <lb/> berechtigt wäre, Pläne zu schmieden betreffs einer längeren Reise nach <placeName>Paris</placeName>.</p>
               <p>
                        <lb/> Beide Gatten waren sich einig, aber doch war
                  <lb/> und blieb ein Hindernis. Wer sollte in ihrer Abwesenheit <persName ref="blaeschen">Bläschen</persName> füttern und wer
                  <lb/> die Pflanzen begießen? Etwa fremde Personen? – <hi rend="italic">»Nein! Nein! – Nie! Nie!«</hi> Der Plan
                  <lb/> wurde aufgegeben. Die nächsten drei Tage hindurch stumpften
                  <lb/><persName ref="silbig_mann">Silbigs</persName> so hin. Es schien so, als wären sie böse
                  <lb/> aufeinander. Man hörte mal das Bullern eines Magens oder das eigene Herzklopfen.
                  <lb/> Ein andermal plätscherte <persName ref="blaeschen">Bläschen</persName> ein wenig, aber sonst –</p>
               <p>
                        <lb/> Und doch hatte <persName ref="silbig_mann">Herr
                           <lb/> Silbig</persName> noch nie so intensiv gearbeitet wie in diesen drei Tagen. Und
                  <lb/> am vierten Tag war das Wunderwerk, welches die <placeName>Pariser</placeName> Reise ermöglichen sollte,
                  <lb/> vollendet und angebracht.</p>
               <p>
                        <lb/> Seitdem <persName ref="diplingens">Diplingens</persName>
                  <lb/> abgereist waren, kreisten an der Decke des Wintergartens stetig langsam zwei
                  <lb/> Räder, von denen das eine dauernd einen ganz feinen Wasserstaub durch das Zimmer
                  <lb/> sprühte, während das andere nach jeder halben Stunde ein Ameisenei in das
                  <lb/> Goldfischglas fallen ließ. Das Wasser für die Sprühmaschine wurde vom
                  <lb/> Schwimmbassin hergeleitet. Das Reservoir für die Ameiseneier bildete ein großer
                  <lb/> hölzerner Schwebekasten.</p>
               <p>
                        <lb/>
                  <persName ref="oberreich">Hans Oberreich</persName> hatte
                  <lb/> sich in diesem Fall keinen Scherz erlaubt. Er war, ohne es zu merken, selber
                  <lb/> betrogen worden von dem <placeName>Kopenhagener</placeName> Händler, der ihm statt eines Goldfisches
                  <lb/> einen ganz jungen Walfisch angedreht hatte.</p>
               <p>
                        <lb/>
                  <pb n="237"/> <lb/>
                  <persName ref="diplingens">Diplingens</persName> hätten eine dritte Maschinerie erfinden sollen, um
                  <lb/> die beiden anderen Räderwerke automatisch von Zeit zu Zeit mit neuem Öl zu
                  <lb/> versorgen. So aber ergaben sich Störungen, die allmählich schlimmer wurden. Der
                  <lb/> Zerstäuber am Wasserrad löste sich. Das andere Rad legte jetzt schon 20 Eier in
                  <lb/> der Minute, einige davon noch ins Goldfischglas.</p>
               <p>
                        <lb/>
                  <persName ref="diplingens">Diplingens</persName> blieben
                  <lb/> abwesend. Die Gewächse im Wintergarten troffen. Starkes Rauschen übertönte das
                  <lb/> wohlige Plätschern des Goldfisches, welcher fraß und wuchs.</p>
               <p>
                        <lb/> Das Erdreich war nicht mehr sichtbar. Die
                  <lb/> Lustbetten begannen zu schaukeln, die Amorchen torkelten. Eines Morgens erschrak
                  <lb/> der junge Goldfisch, weil er im Glase feststak, sich weder vornoch rückwärts
                  <lb/> bewegen konnte.</p>
               <p>
                        <lb/> Da überkam es ihn, daß er ein Walfisch sei;
                  <lb/> er blähte sich stolz. Das Glas platzte, und plumps – schwamm der Wal zwischen
                  <lb/> treibenden Lustbetten und entwurzelten Palmen. Er fing an, die Gips-Amoretten wie
                  <lb/> Biskuit zu zerknabbern.</p>
               <p>
                        <lb/> So was bleibt auf die Dauer nicht
                  <lb/> unentdeckt. Die Auracher hörten nachts gräßlich gigantisches Schnauben. Eine Klage
                  <lb/> lief gegen die abwesenden <persName ref="silbig_frau">Silbigs</persName>, weil der Briefträger, als
                  <lb/> er von außen die Briefklappe an der Tür öffnete, von innen mit Wasser begossen
                  <lb/> worden war.</p>
               <p>
                        <lb/> Selbst der kaltblütige Revierschutzmann, der
                  <lb/> das Schloß aufbrach, kam einen Moment außer Fassung, als er beim Öffnen der Tür
                  <lb/> von einem herausschießenden, hydraulischen Walfisch die Treppe heruntergerissen
                  <lb/> wurde.</p>
               <p>
                        <lb/> Während im Treppenhaus der Schutzmann und
                  <lb/> andere Neugierige im Strudel der nachstürzenden Wassermassen ertranken und der
                  <lb/> Walfisch schon draußen auf dem Marktplatz mit zornigen Flossenschlägen das
                  <lb/> Pflaster aufpeitschte, gab der Magistrat telegraphisch eine Annonce an alle
                  <lb/> auswärtigen Zeitungen auf: <hi rend="italic">»Wer kauft einen lebenden Walfisch?«</hi></p>
               <p>
                        <lb/> Sofort meldete sich die Firma
                  <lb/> <persName ref="tietz">Hermann Tietz</persName>, <placeName>Berlin</placeName>.</p>
               <p>
                        <lb/> Da man in <placeName>Kufstein</placeName> über kein großes,
                  <lb/> transportables Bassin verfügte, so wurde der Walfisch in nasse Tücher eingewickelt
                  <lb/> und während der Fahrt nach <placeName>Berlin</placeName> durch Klistiere künstlich ernährt.</p>
               <p>
                        <lb/> Am <placeName>Anhalter Bahnhof</placeName> geriet die
                  <lb/> Begleitmannschaft mit den Arbeitern von <persName ref="tietz">Tietz</persName> in Streit, weil letztere außer dem
                  <lb/> Walfisch auch noch die Walfischwindeln beanspruchten, diese blieben aber zuletzt
                  <lb/> doch in den Händen der siegreichen Kufsteiner.</p>
               <p>
                        <lb/>
                  <pb n="238"/> <lb/> Da war es in der Tat kein leichtes Stück für
                  <lb/> die acht Berliner, das zappelnde, schlüpfrige Riesentier durch die
                  <lb/><placeName>Königgrätzerstraße</placeName> und weiter zu tragen.</p>
               <p>
                        <lb/> Und kein Wunder, daß ihnen beim Übergang zum
                  <lb/><placeName>Tempelhof</placeName> er Ufer das grauenhafte Luder entwischte und in den Kanal stürzte.</p>
               <p>
                        <lb/> Kürzen wir den <placeName>Wasserweg Spree-Landwehrkanal-Havel-Elbe</placeName>
                  <lb/>etwas ab. Halten wir uns nicht länger bei
                  <lb/> erschrockenen Badegästen, zerstörten Apfelkähnen auf. Übersehen wir die
                  <lb/> verschluckte Leiche im Land wehr kanal und vermeiden wir überhaupt jede
                  <lb/> Ausführlichkeit, wie sich der Walfisch über Schleusen, ausgespannte Fischernetze
                  <lb/> und das Binnenschiffahrts-Gesetz vom 15. Juni 1895 hinwegsetzte. Er erreichte die
                  <lb/> nördlichen Meere, gründete viele Familien, um denselben seine wunderbaren
                  <lb/> Erlebnisse aus <persName ref="diplingens">Diplingens</persName> Abwesenheit zu erzählen. Ob er
                  <lb/> dabei das Maul zu voll nahm, niemand schenkte ihm Glauben, und so zog er sich von
                  <lb/> den Mitwalen zurück.</p>
               <p>
                        <lb/> Und wenn er nicht gestorben ist, so lebt er
                  <lb/> noch heute in den eisigen Wassersteppen um Grönland herum, einsam seine Furchen
                  <lb/> ziehend, traurig schaukelnd und nachdenklich blinzelnd, als suche er vergeblich
                  <lb/> nach treibenden Lustbetten und Gipszwieback.</p>      
            </div>
         </div>
      </body>
   </text>
</TEI>