<TEI xmlns="http://www.tei-c.org/ns/1.0" xmlns:xsi="http://www.w3.org/2001/XMLSchema-instance">
   <teiHeader xmlns:xi="http://www.w3.org/2001/XInclude" xmlns:a="http://www.textgrid.info/namespace/digibib/authors" xmlns:fn="http://www.w3.org/2005/xpath-functions">
      <fileDesc>
         <titleStmt>
            <title>Eheren und Holzeren</title>
         </titleStmt>
         <publicationStmt>
            <publisher/>
            <idno type="handle">hdl:11858/00-1734-0000-0004-958A-0</idno>
            <idno type="TextGridUri">textgrid:td6j.0</idno>
            <availability>
               <p>
                        <lb/> Der annotierte Datenbestand der Digitalen Bibliothek inklusive Metadaten sowie
                  <lb/> davon einzeln zugängliche Teile sind eine Abwandlung des Datenbestandes von
                  <lb/> www.editura.de durch TextGrid und werden unter der Lizenz Creative Commons
                  <lb/> Namensnennung 3.0 Deutschland Lizenz (by-Nennung TextGrid) veröffentlicht. Die
                  <lb/> Lizenz bezieht sich nicht auf die der Annotation zu Grunde liegenden
                  <lb/> allgemeinfreien Texte (Siehe auch Punkt 2 der Lizenzbestimmungen). </p>
               <p>
                  <ref target="http://creativecommons.org/licenses/by/3.0/de/legalcode">Lizenzvertrag</ref>
               </p>
               <p>
                  <ref target="http://creativecommons.org/licenses/by/3.0/de/"> <lb/>Eine vereinfachte
                     <lb/> Zusammenfassung des rechtsverbindlichen Lizenzvertrages in
                     <lb/> allgemeinverständlicher Sprache </ref>
               </p>
               <p>
                  <ref target="http://www.textgrid.de/Digitale-Bibliothek">
                            <lb/> Hinweise zur Lizenz und
                     <lb/> zur Digitalen Bibliothek</ref>
               </p>
            </availability>
         </publicationStmt>
         <notesStmt>
            <note> Erstdruck in: »Simplicissimus«, 27, Nr. 33, <date when="1922">1922</date> </note>
         </notesStmt>
         <sourceDesc>
            <biblFull>
               <titleStmt>
                  <title>Joachim Ringelnatz: Das Gesamtwerk in sieben Bänden. Herausgegeben von
                     Walter Pape, Band 1: Gedichte, Band 2: Gedichte, Band 3: Dramen, Band 4:
                     Erzählungen, Band 5: Vermischte Prosa, Band 6: Mein Leben bis zum Kriege, Band
                     7: Als Mariner im Krieg, Zürich: Diogenes, 1994.</title>
                  <author key="pnd:118601121">Ringelnatz, Joachim</author>
               </titleStmt>
               <extent>242-</extent>
               <publicationStmt>
                  <publisher/>
                  <date when="1994"/>
                  <pubPlace>Zürich</pubPlace>
               </publicationStmt>
            </biblFull>
         </sourceDesc>
      </fileDesc>
      <profileDesc>
         <creation>
            <date notBefore="1883" notAfter="1934"/>
         </creation>
         <textClass>
            <keywords scheme="http://textgrid.info/namespaces/metadata/core/2010#genre">
               <term>other</term>
            </keywords>
         </textClass>
      </profileDesc>
   </teiHeader>
   <text>
      <body>
         <div type="text" xml:id="tg403.3">
            <div type="h4">
               <head type="h4" xml:id="tg403.3.1">
                  <pb n="242"/> Eheren und Holzeren</head>
               <p>
                        <lb/>Die babylonische, die aztekische, die chinesische. Aber
                  <lb/>sprechen wir nicht mehr davon. Wer sich näher dafür interessiert, sei auf
                  <lb/><persName ref="bergmann_otto">Otto Bergmanns</persName> Berge und Täler der Äonen, <placeName>Jena</placeName> 1804,
                  <lb/>Verlag Weidebach, 8°, Halbfranz, hingewiesen.</p>
               <p>
                        <lb/>Um 4700 vor <persName ref="christi">Christi</persName>
                  <lb/>Geburt herum lebten hoch im Norden, von Meeren und Eisbären eingeschlossen, die
                  <lb/>Eheren, Nachkommen und Untertanen des greisen <persName ref="holzkopp">
                     <title>König</title>s
                     <lb/>Holzkopp</persName>. Der war berühmt wegen seiner weichen, gütigen Seele, die ihn
                  <lb/>bewog, mit jedem harten, trotzigen oder auch nur energischen Menschen, der ihm
                  <lb/>begegnete, Händel anzufangen und ihn kleinzukriegen. Und so hatte er längst alles,
                  <lb/>was ihn im weiten Kreise umgab, kleingekriegt und herrschte darüber in gütiger
                  <lb/>Weichheit. Handel und Wandel und Künste blühten. Nutzhölzer, Zierhölzer, Fässer,
                  <lb/>Wagen, Schlitten, Laubsägearbeit und Holzbildhauer. Das Volk war zufrieden,
                  <lb/>verfiel auch nicht in bosheitbrütende Langeweile, weil im Laufe der Jahre sich
                  <lb/>immer mal wieder ein Fremder nach dort verirrte, der die Eheren in ernstes oder
                  <lb/>heiteres Erstaunen versetzte. Weil er seltsame Kleider und Gegenstände trug, nicht
                  <lb/>Eherisch verstand, und keinen Mihinka trinken mochte, diesen köstlichen, aus
                  <lb/>Renntierläufen und Meerrettich hergestellten Naturwein.</p>
               <p>
                        <lb/>Selbstverständlich wurde solcher Fremdling
                  <lb/>zuerst zum <title ref="holzkopp">König</title> geführt, der ihm vieles schenkte, einiges nahm und ihn in der
                  <lb/>Form von Belehrungen ausforschte. Besonders sympathischen Gästen pflegte er sogar
                  <lb/>ein Geheimnis mitzuteilen, von dem keiner seiner eigenen Untertanen etwas wußte.
                  <lb/><persName ref="holzkopp">
                     <title ref="holzkopp">König</title>Holzkopp</persName> war nämlich Erfinder und Besitzer des
                  <lb/>magnetischen Nordpoles. Dieser bestand aus einer kleinen Pastete, die der <title>König</title> in
                  <lb/>guter Stunde gebacken hatte und nun in einem, von hohen Mauern geschützten, großen
                  <lb/>Garten aufbewahrte. Die Pastete blieb aber auch für die sympathischen Gäste
                  <lb/>unzugänglich und unsichtbar, weil sich darüber ein gigantischer Haufen von
                  <lb/>angezogenen Eisengeräten angesammelt hatte. Speere, Schwerter, Nagelfeilen,
                  <lb/>Ankerketten, Enterhaken, Nähmaschinen, Stacheldraht.</p>
               <p>
                        <lb/>Die Fremdlinge, die ins Land der Eheren
                  <lb/>verschlagen wurden, <pb n="243"/> waren zum Teil recht
                  <lb/>bemerkenswerte Leute. Im Gästebuch des <title>König</title>s stehen Namen wie:
                  <lb/><persName ref="luluhili">Luluhili</persName>, genannt der eiserne Kanzler von <placeName>Phönizien</placeName>. Oder:
                  <lb/> <persName ref="mabius">Mabius</persName>, Degenschlucker aus <placeName>Mittweida</placeName>.</p>
               <p>
                        <lb/>Solchen Persönlichkeiten von zähem,
                  <lb/>willensstarkem Naturell oder stählerner Entschlossenheit und den sympathischen
                  <lb/>Gästen pflegte der <title>König</title> später, nachts, in guter Stunde, wenn sie schliefen,
                  <lb/>unter gütigem Lächeln die Kehle abzudrücken.</p>
               <p>
                        <lb/>Die drahtlose Telegraphie – in anderer
                  <lb/>Methode als später in Europa – wurde erfunden. Allerdings zunächst nur der gebende
                  <lb/>Teil. Der <title>König</title> und seine Untertanen sandten zahllose Telegramme in die
                  <lb/>unbekannten Fernen hinaus. Zum Beispiel: <hi rend="italic">»An alle. Ich, <persName ref="holzkopp">
                     <title>König</title>
                     <lb/>Holzkopp</persName>, habe durch mein Volk die halbe drahtlose Telegraphie
                  <lb/>erfinden lassen.«</hi> Auch kurze Kabelworte: <hi rend="italic">»Prosit Neujahr! Die Eheren.«</hi></p>
               <p>
                        <lb/>Ungeheures Aufsehen erregte es, als der
                  <lb/>zweite, der aufnehmende Teil der drahtlosen Telegraphie erfunden wurde. Mit
                  <lb/>elementarer Spannung wartete alles. Wirklich traf ein Funkspruch ein.</p>
               <p>
                        <lb/>
                  <persName ref="uha">Uha</persName>, die greisenhafte Großmutter des <title>König</title>s,
                  <lb/>war die einzige, der es gelang, Sinn in die fremdsprachlichen Worte zu bringen.
                  <lb/>Sie übersetzte: <hi rend="italic">»Ihr, <persName ref="holzkopp">
                     <title ref="holzkopp">König</title>Holzkopp</persName>, und ihr Eheren alle
                  <lb/>könnt uns, die Holzeren, Eure Antipoden, am –«</hi></p>
               <p>
                        <lb/>Das Telegramm war noch länger, jedoch beim
                  <lb/>Vorlesen des Wörtchens <hi rend="italic">»am«</hi> ward <persName ref="uha">Uha</persName> vom Schlage gerührt.
                  <lb/>Weil sie derart zu Tode beleidigt worden war, und man nun den Schluß nicht erfuhr,
                  <lb/>so fühlten sich die Eheren gekränkt. Und der <title>König</title> geriet in solche Wut, daß er
                  <lb/>sich nackt auf den Thron begab, die Mobilmachung befahl und niemals wieder Kleider
                  <lb/>anlegte. Das Volk hingegen bekleidete sich mit hölzernen Rüstungen und Schuhen,
                  <lb/>denn Metall war ihm unbekannt, griff zu hölzernen Waffen und schiffte sich auf
                  <lb/>hölzernen Barken ein. Der <title>König</title> nahm heimlich die halbe Pastete mit.</p>
               <p>
                        <lb/>Damals gab es außer und nahe dem
                  <lb/>geographischen Südpol noch einen holznetischen Südpol, der die Eigentümlichkeit
                  <lb/>besaß, alles Hölzerne anzuziehen. Daß die Quelle dieser Wunderkraft letzten Endes
                  <lb/>in einem Pudding bestand, wußte nur <persName ref="stahlhaupt_könig">Stahlhaupt</persName>, der harte,
                  <lb/>grausame <title ref="stahlhaupt">König</title> der Holzeren. Er hatte den Pudding gekocht und wußte ihn im
                  <lb/>Geheimgarten, unter einem Riesenberg von angezogenen Holzgeräten verwahrt. Ruder,
                  <lb/>Bootsplanken, Spindeln, Pfahlbauten, Särge, Quirle, Bleistifte.</p>
               <p>
                        <lb/>
                  <persName ref="stahlhaupt_könig">
                     <title ref="stahlhaupt">König</title>Stahlhaupt</persName> lief
                  <lb/>sein Leben lang immer nackt herum. Er <pb n="244"/> haßte
                  <lb/>Weichlinge und Schlappschwänze, und wenn je Fremdlinge von derartiger
                  <lb/>Charakterbeschaffenheit sich ihm oder seinem Lande näherten, so reizte er sie
                  <lb/>durch Beleidigungen und stellte sich gleichzeitig ängstlich, unsicher, bis die
                  <lb/>Gekränkten ihn angriffen. Dann, weiterreizend, floh er zum Schein, ließ sich sogar
                  <lb/>etwas verprügeln, um ihre Tapferkeit noch weiter anzuspornen. Bis er sie
                  <lb/>schließlich aus Notwehr totschlagen mußte.</p>
               <p>
                        <lb/>Ein historischer Funkspruch traf ein. Die
                  <lb/>Holzeren betranken sich mit Wimmhubs, ihrem schmackhaften, aus Pinguinbutter und
                  <lb/>Soda hergestellten Nationallikör. Dann legten die Untertanen Stahlpanzer an und
                  <lb/>bestiegen eiserne Schiffe, denn Holz war ihnen ein unbekanntes Mineral; und der
                  <lb/>nackte <persName ref="stahlhaupt_könig">Stahlhaupt</persName> folgte ihnen und trug heimlich den Pudding
                  <lb/>in der Hand.</p>
               <p>
                        <lb/>Ob es anno 4680 war, also in dem Jahre, von
                  <lb/>dem der <persName ref="wlehd">Vikinger <roleName ref="whled">Historiker</roleName> Wlehd</persName> erzählt, daß es durch eine
                  <lb/>ungeheure magnetische Deviation alle nautischen Berechnungen über den Haufen warf.
                  <lb/>Oder später? Sicher ist nur, daß auf dem Meere, welches damals die Gegend des
                  <lb/>heutigen <placeName>Rastenburg</placeName> bedeckte, die beiden Flotten einander in Sicht kamen.</p>
               <p>
                        <lb/>Da geschah sofort etwas Unerhörtes,
                  <lb/>Einzigartiges. <persName ref="stahlhaupt_könig">
                     <title ref="stahlhaupt">König</title>Stahlhaupt</persName> war, der besseren Übersicht
                  <lb/>wegen, mit seinem Schiff etwas, hinter den anderen zurückgeblieben.
                  <lb/> <persName ref="holzkopp">
                     <title ref="holzkopp">König</title>Holzkopp</persName> andererseits stand, die halbe Pastete in
                  <lb/>Händen, auf seinem Flaggschiff und hatte aus kriegerischer Bescheidenheit den
                  <lb/>anderen Schiffen einen gewissen Vorsprung gelassen. Plötzlich sahen beide <title ref="stahlhaupt_holzkopp">Könige</title>
                  <lb/>ihre Flotten in rasender Geschwindigkeit dem Feinde zufliegen und fühlten beide
                  <lb/>gleichzeitig, wie ihr eigenes Schiff ihnen unter den Füßen wegglitt. Eine
                  <lb/>tausendstel Sekunde später war folgende Situation perfekt: <persName ref="stahlhaupt_könig">
                            <title>König</title>
                  <lb/>Stahlhaupt</persName> stand von lauter holzgepanzerten Eheren umringt auf einem
                  <lb/>der dicht aneinander gepreßten Holzschiffe. <persName ref="holzkopp">
                            <title ref="holzkopp">König</title>Holzkopp</persName>
                  <lb/>hingegen befand sich auf der eisernen Flotte von lauter Holzeren umringt. Erst
                  <lb/>jubelten beide Völker über den gefangenen <title>König</title>, dann trauerten sie über den
                  <lb/>verlorenen <title>König</title>, dann entdeckten beide Völker das Ausgleichende ihres Schicksals
                  <lb/>und verabredeten funkentelegraphisch einen Königsaustausch. Auf ein bestimmtes
                  <lb/>Signal hin sollten beide Parteien ihren Gefangenen in einem Ruderboot entlassen,
                  <lb/>ohne zu folgen. Beide Völker brachen aber diese Verabredung nachher, indem beide
                  <lb/>den entlassenen Gefangenen mit sämtlichen Schiffen folgten. Ob dieser
                  <lb/>beiderseitigen Niedertracht wurde der <pb n="245"/>
                  <lb/>Waffenstillstand abgebrochen. Die Seeschlacht sollte beginnen. Da die Königlichen
                  <lb/>Gefangenen selbstverständlich nicht daran teilnehmen konnten, sondern überwacht
                  <lb/>zurückbleiben mußten, ergab sich ein merkwürdiger Beweis für die Hilflosigkeit
                  <lb/>führerloser Streitkräfte. Beide Flotten gingen nicht vor. Sie beschimpften sich
                  <lb/>nur aus der Entfernung gegenseitig per Funkentelegraphie. Als aber die Vorräte zur
                  <lb/>Neige gingen, kam Unzufriedenheit auf. Bald war man hüben und drüben auf
                  <lb/>Friedensverhandlungen erpicht.</p>
               <p>
                        <lb/>Die Eheren sandten den Holzeren zehn Tonnen
                  <lb/>Mihinka. Die Holzeren sandten den Eheren fünf Tonnen Wimmhubs. Danach vereinigten
                  <lb/>sich die beiden Flotten. Die Könige küßten sich. Und alle betranken sich und
                  <lb/>betrugen sich so laut und rüpelhaft, daß ein noch nie dagewesener Seesturm
                  <lb/>losbrach, wobei sämtliche Eisenschiffe mit den Holzeren samt <persName ref="stahlhaupt_könig">
                  <lb/>
                            <title ref="stahlhaupt">König</title>Stahlhaupt</persName> und dem Pudding untergingen.</p>
               <p>
                        <lb/>Die Eheren aber retteten sich auf ihren
                  <lb/>kieloberst treibenden Fahrzeugen nach ihrer südöstwestlich vom geographischen
                  <lb/>Nordpol gelegenen Heimat.</p>      
            </div>
         </div>
      </body>
   </text>
</TEI>