<TEI xmlns="http://www.tei-c.org/ns/1.0" xmlns:xsi="http://www.w3.org/2001/XMLSchema-instance">
   <teiHeader xmlns:xi="http://www.w3.org/2001/XInclude" xmlns:a="http://www.textgrid.info/namespace/digibib/authors" xmlns:fn="http://www.w3.org/2005/xpath-functions">
      <fileDesc>
         <titleStmt>
            <title>Nervosipopel</title>
         </titleStmt>
         <publicationStmt>
            <publisher/>
            <idno type="handle">hdl:11858/00-1734-0000-0004-981D-E</idno>
            <idno type="TextGridUri">textgrid:tf09.0</idno>
            <availability>
               <p>
                        <lb/> Der annotierte Datenbestand der Digitalen Bibliothek inklusive Metadaten sowie
                  <lb/> davon einzeln zugängliche Teile sind eine Abwandlung des Datenbestandes von
                  <lb/> www.editura.de durch TextGrid und werden unter der Lizenz Creative Commons
                  <lb/> Namensnennung 3.0 Deutschland Lizenz (by-Nennung TextGrid) veröffentlicht. Die
                  <lb/> Lizenz bezieht sich nicht auf die der Annotation zu Grunde liegenden
                  <lb/> allgemeinfreien Texte (Siehe auch Punkt 2 der Lizenzbestimmungen). </p>
               <p>
                  <ref target="http://creativecommons.org/licenses/by/3.0/de/legalcode">Lizenzvertrag</ref>
               </p>
               <p>
                  <ref target="http://creativecommons.org/licenses/by/3.0/de/"> <lb/>Eine vereinfachte
                     <lb/> Zusammenfassung des rechtsverbindlichen Lizenzvertrages in
                     <lb/> allgemeinverständlicher Sprache </ref>
               </p>
               <p>
                  <ref target="http://www.textgrid.de/Digitale-Bibliothek">
                            <lb/> Hinweise zur Lizenz und
                     <lb/> zur Digitalen Bibliothek</ref>
               </p>
            </availability>
         </publicationStmt>
         <notesStmt>
            <note> Erstdruck in: »Der Drache«, 2, Heft 52,<date when="1922">1922</date> </note>
         </notesStmt>
         <sourceDesc>
            <biblFull>
               <titleStmt>
                  <title>Joachim Ringelnatz: Das Gesamtwerk in sieben Bänden. Herausgegeben von
                     Walter Pape, Band 1: Gedichte, Band 2: Gedichte, Band 3: Dramen, Band 4:
                     Erzählungen, Band 5: Vermischte Prosa, Band 6: Mein Leben bis zum Kriege, Band
                     7: Als Mariner im Krieg, Zürich: Diogenes, 1994.</title>
                  <author key="pnd:118601121">Ringelnatz, Joachim</author>
               </titleStmt>
               <extent>217-</extent>
               <publicationStmt>
                  <publisher/>
                  <date when="1994"/>
                  <pubPlace>Zürich</pubPlace>
               </publicationStmt>
            </biblFull>
         </sourceDesc>
      </fileDesc>
      <profileDesc>
         <creation>
            <date notBefore="1883" notAfter="1934"/>
         </creation>
         <textClass>
            <keywords scheme="http://textgrid.info/namespaces/metadata/core/2010#genre">
               <term>other</term>
            </keywords>
         </textClass>
      </profileDesc>
   </teiHeader>
   <text>
      <front>
         <div type="front">
            <head type="h3" xml:id="tg396.3.2">Joachim Ringelnatz</head>
            <head type="h2" xml:id="tg396.3.3">Nervosipopel</head>
            <head type="h4" xml:id="tg396.3.4">Elf Angelegenheiten</head>
            <milestone unit="sigel" n="Ringelnatz-GW Bd. 4" xml:id="tg396.3.5"/>
            <figure>
               <graphic url="textgrid:tf7b.0" width="355px" n="break" xml:id="tg396.3.6"/>
            </figure>
            <lb xml:id="tg396.3.7"/>
            <pb type="start" n="217" xml:id="tg396.3.8"/>
         </div>
      </front>
      <body>
         <div type="text" xml:id="tg397.3">
            <div type="h4">
               <head type="h4" xml:id="tg397.3.1">Nervosipopel</head>
               <p>
                        <lb/> Mitschüler erzählten als Witz, seine Mutter sei
                  <lb/> Leichenbändigerin und seine Großmutter Löwenfrau gewesen. Es war etwas daran, aber
                  <lb/> der Fall lag doch anders. Indessen nahm <persName ref="daddeldu_feix">Feix</persName>
                  <lb/> dergleichen Nachreden nicht übel. Er lachte dazu. Seine Gutmütigkeit lag nicht
                  <lb/> immer so offen, ward daher auch von vielen Leuten angestritten. Von dem Lehrer,
                  <lb/> dem <persName ref="daddeldu_feix">Feix</persName> eine Stunde lang auf alle Fragen mit <hi rend="italic">»Wie?«</hi>
                  <lb/> antwortete. Vom eigenen Vater, wenn dieser sein Pfeifenrohr mit Wachs verstopft
                  <lb/> fand, und sogar von der Mutter, wenn <persName ref="daddeldu_feix">Feix</persName> durchaus nicht zu
                  <lb/> bewegen war, das Kippen mit dem Stuhl einzustellen. Diese eigensinnige
                  <lb/> Beharrlichkeit war das Häßlichste daran. Machte <persName ref="daddeldu_feix">Feix</persName> seinen
                  <lb/> Bruder, dem das Rechnen sowieso von Natur aus schwer fiel, beim Addieren durch
                  <lb/> lautes, unrichtiges Mitzählen konfus, dann verdrosch <persName ref="daddeldu_kuttel">Kuttel</persName>
                  <lb/> schließlich den <persName ref="daddeldu_feix">Feix</persName>. Aber nachher fuhr dieser fort, laut,
                  <lb/> unrichtig mitzuzählen:<hi rend="italic"> »14, – 15, – 16, – 18, – 20«</hi>. Und ließ sich widerstandslos
                  <lb/> abermals verdreschen und zählte weiter, und das hätte sich – was an ihm lag –
                  <lb/> lebenslang so fortsetzen können. Lag aber nicht, setzte aber nicht.</p>
               <p>
                        <lb/> Jedoch das Allerärgerlichste war das Lachen.
                  <lb/> Wie <persName ref="daddeldu_feix">Feix</persName> zu dem, was er im Grunde genommen gar nicht tat, lachte. So gemein!
                  <lb/> Gemein konnte man eigentlich nicht sagen, <persName ref="daddeldu_feix">Feix</persName> lachte ja die anderen nicht aus,
                  <lb/> nicht einmal an. Sondern er lachte einfach gleichmäßig heraus oder vielmehr in
                  <lb/> sich hinein, nicht boshaft, nicht schadenfroh, nicht höhnisch, aber so – so – so
                  <lb/> dumm! Obwohl er vermutlich gar nicht dumm war. Man wußte das zwar nicht. Er hielt
                  <lb/> in der Schule Schritt, drängte sich nicht vor, sondern war schweigsam, widersprach
                  <lb/> nie, fand sich in alles. Es war ihm überhaupt nichts Bedeutsames vorzuwerfen. Weil
                  <lb/> seine liebevollen Eltern keinen Haken entdeckten, um ihn zu bestrafen, er aber
                  <lb/> doch nach ihrer Meinung irgendwie was Queres hatte, so versagten sie ihm seinen
                  <lb/> einzigsten Wunsch, Seemann zu werden, und schickten ihn in die Stadt zu einem
                  <lb/> Drogisten in die Lehre. <persName ref="daddeldu_feix">Feix</persName> arbeitete normal fleißig bei dem
                  <lb/> kleinen nervösen Drogisten und wohnte und speiste mittelmäßig in der
                  <lb/> Fremdenpension der geschäftigen, vielseitigen, nur etwas leicht erregbaren
                  <lb/> Drogistenfrau. <pb n="217"/>
                        <persName ref="bulverin_herr">Herr Bulverin</persName>, so hieß der
                  <lb/> Drogist, wußte nur Gutes an die alten Daddeldus zu berichten.
                  <lb/> Leider wurde er von Tag zu Tag nervöser. Die Tür zum Privatkontor und das Fenster
                  <lb/> standen immer wieder offen, und der Zugwind wehte die Rezepte und sonstigen
                  <lb/> Papiere durcheinander. Im Laden standen die gleichartigen Flaschen, Phiolen und
                  <lb/> Dosen nicht mehr parallel, sondern schief zueinander. Die abends mit Bulverinschem
                  <lb/> Patentöl geschmierten Türangeln waren morgens verrostet und quietschten.</p>
               <p>
                        <lb/> Auch die Erregbarkeit der <persName ref="bulverin_frau">Madame
                           <lb/>Bulverin</persName> nahm zu. Die bedauernswerte Dame verbrachte schlaflose
                  <lb/> Nächte. Weil die Wasserleitung tropfte, tupf, tapf, tupf, tapf. Irgendetwas –
                  <lb/> sicherlich eine Maus – nagte. Wo? – Woran? – Woher? Die Feldherrnbilder hingen
                  <lb/> schief. Etwas klappte von Zeit zu Zeit.</p>
               <p>
                        <lb/> Erst nach sechs Monaten fingen die Eheleute
                  <lb/> <persName ref="familie_bulverin">Bulverin</persName> an zu ahnen. Wie Bulverins
                  <lb/> Patentöl in Blechkännchen zu Wasser wird. Seit wann die Pensionstische auf
                  <lb/> angesägten Beinen hinkten.</p>
               <p>
                        <lb/> Da nichts nachzuweisen war und kein
                  <lb/> Entlassungsgrund vorlag, sondern aus anderen nebensächlichen Ursachen machte die
                  <lb/> Drogerie plötzlich Pleite, und <persName ref="daddeldu_feix">Feixen</persName> blieb nichts übrig, als
                  <lb/> ohne Geld, aber mit viel bestem Zeugnis nach Hause geschickt zu werden.</p>
               <p>
                        <lb/> Solche Leute wie <persName ref="daddeldu_frau">Frau
                  Daddeldu</persName> halten nichts von Zeugnissen und sehen auch nicht auf Geld.
                  <lb/> Aber in dem Nach-Hause-geschickt-werden fand die redliche Frau einen Fliegendreck.
                  <lb/> Und es mußte wohl auch im Benehmen ihres Sohnes mancher Fliegendreck oder
                  <lb/> wenigstens einer gefunden sein. Sie spürte dem vier Wochen lang nach, ohne recht
                  <lb/> dahinter zu kommen. Aber man schmettert nicht Türen zu, als gälte es, Büffel zu
                  <lb/> köpfen. Und als <persName ref="daddeldu_feix">Feix</persName> wieder – nun schon zum elften Male – die
                  <lb/> Lampe so auf den Tisch gestellt hatte, daß ihre eine Hälfte über den Tisch
                  <lb/> hinausragte, wurde es Beschluß, daß <persName ref="daddeldu_feix">Feix</persName> sich erst einmal als
                  <lb/> Seemann ein bißchen Lebensernst zusammensegeln sollte.</p>
               <p>
                        <lb/> Er ward kein so tüchtiger und beliebter
                  <lb/> Seemann wie <persName ref="daddeldu_kuttel">Kuttel</persName>, aber auch kein so leichtsinniger Abenteurer wie sein anderer,
                  <lb/> sein verschollener Bruder. Sondern genügte seinen Pflichten mit
                  <lb/> Durchschnittsleistungen. Seine Kameraden und Vorgesetzten hatten ihn im Grunde
                  <lb/> genommen gern, war doch sozusagen nichts gegen ihn einzuwenden. Aber seine Ruhe
                  <lb/> war keine Ruhe mehr. Nicht etwa Faulheit. Aber er machte die ältesten Janmaate,
                  <lb/> diese wetterharten, bedächtigen Bärenkerle, er machte sie kribbelig; und als ihm
                  <lb/> der sechzigjährige Segelmacher im Stillen Ozean mit dem <pb n="218"/>
                        <lb/> Fuchsschwanz einen Mastsplitter aus dem After sägte und
                  <lb/> <persName ref="daddeldu_feix">Feix</persName> während dieser Notoperation das gelehrte Buch des
                  <lb/> Kapitäns studierte (es war ein Reiseführer durch Dießen am Ammersee) und dabei
                  <lb/> unaufhörlich dermaßen lachte, daß der Segelmacher ein Jucken in die Hand bekam,
                  <lb/> wobei die Säge abbrach, darüber der erschrockene Segelmacher plötzlich tot war; da
                  <lb/> hatte sich <persName ref="daddeldu_feix">Feix</persName> alle Sympathien an Bord verscherzt. Niemand
                  <lb/> bemitleidete ihn etwa, weil er fortan mit einem Splitter und einem Stück Säge im
                  <lb/> After sich durchs Leben schlagen mußte.</p>
               <p>
                        <lb/> Später trieb er sich in tropischen Ländern
                  <lb/> herum. Jahre waren vergangen, seitdem er seine Mutter verlassen hatte, und nie
                  <lb/> bekam diese ein Lebenszeichen von ihm. Dennoch wartete sie vertrauend und tapfer
                  <lb/> auf seine Rückkehr und rühmte ihren <persName ref="daddeldu_feix">Feix</persName> und seinen besonders
                  <lb/> guten Charakter, bis <persName ref="daddeldu_feix">Feix</persName> nach 5 Jahren plötzlich
                  <lb/> überraschend heimkam; dann nicht mehr, im Gegenteil.</p>
               <p>
                        <lb/> Was hatte er wohl alles erlebt? Er sprach
                  <lb/> nicht darüber. Was hatte er wohl seinen Angehörigen aus dem Auslande mitgebracht?
                  <lb/> Er stellte es auf den Tisch: eine große quadratische Pappschachtel und darin: ein
                  <lb/> Moskito.</p>
               <p>
                        <lb/> Seine Angehörigen lachten durchaus nicht.
                  <lb/> Das war doch kein Witz.</p>
               <p>
                        <lb/><hi rend="italic"> »Es ist dressiert«</hi>, sagte
                  <lb/> <persName ref="daddeldu_feix">Feix</persName> erklärend. Aber das machte gar keinen Eindruck. Nur
                  <lb/> <persName ref="daddeldu_paula">Paula</persName> riß den Mund auf. <persName ref="daddeldu_feix">Feix</persName> sprach
                  <lb/> etwas zu dem Moskito in einer fremden Sprache, nicht Englisch. Sofort schoß das
                  <lb/> Insekt wie ein Pfeil in <persName ref="daddeldu_paula">Paulas</persName> Mund.
                  <lb/> <persName ref="daddeldu_paula">Paula</persName> spie es hustend wieder aus.
                  <lb/> <persName ref="daddeldu_feix">Feix</persName> trocknete es mit Löschpapier. Dann gab es wieder
                  <lb/> ausländische Befehle. Das Moskito fing an, scharf summend und in schönen
                  <lb/> Brezelkurven um die Lampe herum zu sausen. <persName ref="daddeldu_frau">Frau Daddeldu</persName>
                  <lb/> schlug mit dem Besen nach dem Tiere. <persName ref="daddeldu_feix">Feix</persName> sperrte es
                  <lb/> vorsichtig wieder in die Pappschachtel. Die Angehörigen lasen die Lampensplitter
                  <lb/> vom Boden auf.</p>
               <p>
                        <lb/>
                  <persName ref="daddeldu_feix">Feix</persName> wurde zu einem
                  <lb/> Pfarrer in die Stadt geschickt, um vier Wochen lang Anfangsgründe zu studieren. Er
                  <lb/> fuhr im D-Zug in der zweiten Klasse mit sechs sehr unterschiedlichen, aber
                  <lb/> durchwegs hochintelligenten Leuten zusammen, die ihn unterwegs unruhig und
                  <lb/> unbehaglich anschielten. Weil bei dem was nicht stimmte. Es war den Sechsen so,
                  <lb/> als habe sich über sie eine Gewitterwolke gelegt. Während der neu Hinzugekommene,
                  <lb/> dieser dauernd und lächelnd die Lippen bewegende Arbeitsmann mit seinem Köfferchen
                  <lb/> und der Riesenschachtel allein in Sonne gehüllt <pb n="219"/>
                        <lb/> schien. Der erste Mitreisende nieste 42mal, der zweite juckte sich, der dritte
                  <lb/> blinzelte, der vierte suchte nach Ursachen, der fünfte schlug um sich. Der sechste
                  <lb/> aber schlief; er war syphiliskrank.</p>
               <p>
                        <lb/>
                  <persName ref="daddeldu_feix">Feix</persName> saß, abgesehen von
                  <lb/> seinem ausländischen Murmeln, unbeweglich da. Und doch war er der Dirigierende. Er
                  <lb/> arbeitete Hand in Hand mit seinem Moskito. Wie ihn die Inder gelehrt. <hi rend="italic">»Nimm
                  <lb/> Krankheit!«</hi> befahl er dem Tier. <hi rend="italic">»Übertrage sie!«</hi></p>
               <p>
                        <lb/> Der Zug lief ein. Hinter
                  <lb/> <persName ref="daddeldu_feix">Feixen</persName> verließen auch die übrigen Passagiere den Wagen,
                  <lb/> der Herr, der geschlafen hatte, verließ ihn geheilt, die fünf andern
                  <lb/> syphiliskrank. – –</p>
               <p>
                        <lb/> Schon am folgenden Sonntage erschien der
                  <lb/> Pfarrer aus der Stadt bei <persName ref="daddeldu_frau">Frau Daddeldu</persName>. Er war verbunden und
                  <lb/> total zerstochen. Hinter ihm stand <persName ref="daddeldu_feix">Feix</persName> mit Köfferchen und
                  <lb/> Pappschachtel.</p>
               <p>
                        <lb/>
                  <persName ref="daddeldu_frau">Frau Daddeldu</persName> hatte nie
                  <lb/> Feen mißbraucht. Zum ersten Male in ihrem Leben wanderte sie nach dem Hünengrab
                  <lb/> und kratzte dreimal mit dem Hufeisen unter die Distel. Die Fee erschien, vernahm
                  <lb/> die Klage und verschwand.</p>
               <p>
                        <lb/> Als <persName ref="daddeldu_feix">Feix</persName> anderen
                  <lb/> Morgens erwachte und den Pappkasten öffnete, um seinem Moskito guten Morgen zu
                  <lb/> wünschen, kam statt des Insektes ein Elefant heraus. <persName ref="daddeldu_feix">Feix</persName>
                  <lb/> lachte mächtig. Da verwandelte sich der Elefant in ein schnappendes Krokodil.
                  <lb/> <persName ref="daddeldu_feix">Feix</persName> hielt dem Krokodil mit der Linken das Maul zu,
                  <lb/> kitzelte es mit der Rechten und lachte. Nun entglitt ihm das Kroko und nahm
                  <lb/> ätherische Feengestalt an. <persName ref="daddeldu_feix">Feix</persName> schnalzte mit der Zunge und
                  <lb/> lächelte.</p>
               <p>
                        <lb/> <hi rend="italic">»Lächle nicht!«</hi> sagte die Fee ernst. <hi rend="italic">»Vom
                  <lb/> höchsten Glück bis zum tiefsten Unglück ist nur ein knapper Schritt. Gesundheit
                  <lb/> soll dereinst abgerechnet werden, denn sie ist geliehene Begabung, andern zu
                  <lb/> helfen.«</hi></p>
               <p>
                        <lb/>
                  <persName ref="daddeldu_feix">Feix</persName> schnalzte mit der
                  <lb/> Zunge.</p>
               <p>
                        <lb/> <hi rend="italic">»Schnalze nicht!«</hi> verwies ihn die Fee. <hi rend="italic">»Es
                  <lb/> kann ein lästernder Töter gütig sein, und es kann ein schlafender Unterlasser
                  <lb/> ewige Mordschuld auf sich laden.«</hi></p>
               <p>
                        <lb/>
                  <persName ref="daddeldu_feix">Feix</persName> feixte. Die Fee
                  <lb/> wechselte ihre Beinstellung, dann rollte sie plötzlich ihre Augen feurig und sagte
                  <lb/> mit hohler Stimme: »Bebinissi kolabia ivustalinski!«</p>
               <p>
                        <lb/>
                  <persName ref="daddeldu_feix">Feix</persName> feixte und
                  <lb/> schnalzte. <hi rend="italic">»Du!«</hi> rief die Fee drohend.<hi rend="italic"> »Du weißt nicht, wer ich bin.«</hi></p>
               <p>
                        <lb/> <hi rend="italic">»Doch«</hi> – erwiderte <persName ref="daddeldu_feix">Feix</persName>
                  <lb/> – <hi rend="italic">»ein rechter Nervosipopel!«</hi> Die Fee verschwand.</p>
               <p>
                        <lb/> Von allen aufgegeben und gemieden, begann
                  <lb/> <persName ref="daddeldu_feix">Feix</persName> nun einen <pb n="220"/>
                        <lb/> liederlichen Lebenswandel. Sein
                  <lb/> Stammlokal wurde das <placeName>Café Nashorn</placeName>, wo Dirnen verkehrten.</p>
               <p>
                        <lb/>
                  <persName ref="daddeldu_frau">Frau Daddeldu</persName> kratzte
                  <lb/> noch dreimal unter die Distel. Die Fee zuckte nervös mit den Achseln und
                  <lb/> verschwand. Aber heimlich verwandelte sie sich in eine Kokotte.</p>
               <p>
                        <lb/>
                  <persName ref="daddeldu_feix">Feix</persName> verguckte sich.
                  <lb/> Seine Mutter gab sonderbarerweise immer aufs neue Geld heraus.
                  <lb/> <persName ref="daddeldu_feix">Feix</persName> hielt die Kokotte aus. Die Kokotte ward schwanger.
                  <lb/> <persName ref="daddeldu_feix">Feix</persName> heiratete sie trotz stärksten elterlichen Protestes.
                  <lb/> Das war sehr anständig von ihm. <persName ref="ren">Lepopisov Ren</persName>, so nannte sich
                  <lb/> die Braut, stammte aus der Gegend von <placeName>Rußland</placeName>, bezog mit
                  <lb/> <persName ref="daddeldu_feix">Feixen</persName> ein bescheidenes Zimmer und darin ein Wochenbett.
                  <lb/> <persName ref="daddeldu_feix">Feix</persName> pflegte sie, aufmerksam, ordentlich, beharrlich,
                  <lb/> treu, rührend. Es klingelte; <persName ref="daddeldu_feix">Feix</persName> schnitt die Drähte durch.
                  <lb/> Es klopfte; <persName ref="daddeldu_feix">Feix</persName> rief ärgerlich: <hi rend="italic">»Pst! pst! Sie schläft.«</hi></p>
               <p>
                        <lb/> Drei Monate vergingen.
                  <lb/> <persName ref="daddeldu_feix">Feix</persName> brachte seiner Frau Erdbeeren, Schokolade oder die
                  <lb/> neueste Art von Bouillonwürfeln ans Bett, zog sich schon im Korridor die Stiefel
                  <lb/> aus, küßte – um nichts zu quetschen – bloß noch die Haare.</p>
               <p>
                        <lb/> Wieder drei Monate vergingen.
                  <lb/> <persName ref="daddeldu_feix">Feix</persName> verließ die Wohnung nimmer, nachdem er noch einmal
                  <lb/> eiligst Windeln und Bleisoldaten eingekauft hatte. Er schlief nimmer, sondern
                  <lb/> horchte vor der Türe. Er aß kaum noch. Er wurde vom Briefträger wegen Mißhandlung
                  <lb/> verklagt. Er schrie die Amme an, weil sie polterig hustete. Er zuckte, blinzelte,
                  <lb/> er suchte nach dem Moskito, welches abhanden gekommen war, er raste, schrie (aber
                  <lb/> stets in Kissen hinein, damit <persName ref="ren">Lepopisov Ren</persName> nichts vernähme).
                  <lb/> Dann wieder ließ er sich stundenlang von der Wöchnerin erzählen, wie sie sich
                  <lb/> befinde, ob es sich wie ein Junge anfühlte. Und wenn sie <hi rend="italic">»Ja«</hi> sagte, so freute er
                  <lb/> sich rein närrisch. Bis eine Fliege summte oder ein Tablett umkippte. Dann fuhr er
                  <lb/> aus der Haut.</p>
               <p>
                        <lb/> Der Tag kam heran. Der Arzt ließ auf sich
                  <lb/> warten. <persName ref="daddeldu_feix">Feix</persName> sprang von einem Bein aufs andere, unterdrückte.
                  <lb/> Die Hebamme ließ auf sich warten. <persName ref="daddeldu_feix">Feix</persName> kroch Wände empor. Das
                  <lb/> und mehr wiederholte sich acht Tage lang, ohne das ersehnte Resultat. Der Termin
                  <lb/> war längst vorüber.</p>
               <p>
                        <lb/> Vierzehn Tage vergingen. <persName ref="ren">Lepopisov
                  Ren</persName> nahm immer noch zu. Arzt und Hebamme kamen umsonst.
                  <lb/> <persName ref="daddeldu_feix">Feix</persName> raste oder weinte.</p>
               <p>
                        <lb/> Ein Monat verging. <persName ref="ren">Lepopisov
                  Ren</persName> nahm immer noch zu. Sie lag schon in zwei Betten; nun ließ
                  <lb/> <persName ref="daddeldu_feix">Feix</persName> anbauen. Arzt und Hebamme lachten in sich hinein.
                  <lb/> <persName ref="daddeldu_feix">Feix</persName> stach nach beiden. Zwei <pb n="221"/>
                        <lb/> Monate vergingen. Arzt und Hebamme blieben aus, sandten
                  <lb/> aber ihre Telephonnummern.</p>
               <p>
                        <lb/> Der dritte Monat war halb vorbei.
                  <lb/> Dreiviertel der Stube war von der Wöchnerin ausgefüllt. <persName ref="daddeldu_feix">Feix</persName>
                  <lb/> grübelte abmagernd darüber nach, was an der Verzögerung schuld sei.
                  <lb/> <persName ref="ren">Lepopisov Ren</persName> meinte: Die verbrauchte Zimmerluft.</p>
               <p>
                        <lb/> Also mußte sie ins Freie. Die Türöffnung maß
                  <lb/> 98 : 200, das Fenster nur 90 : 180. <persName ref="daddeldu_feix">Feix</persName> brach eigenhändig
                  <lb/> die Frontwand des Zimmers nieder.</p>
               <p>
                        <lb/> Es war ein sonniger Julitag.
                  <lb/> <persName ref="ren">Lepopisov Ren</persName> hatte Ausgang. <persName ref="daddeldu_feix">Feix</persName> sah
                  <lb/> ihr außer sich vor Freude nach.</p>
               <p>
                        <lb/> Sie glitt hinaus, halb schwankend, halb
                  <lb/> schwebend. Draußen legte sie sich auf die Seite, – <persName ref="daddeldu_feix">Feix</persName> war
                  <lb/> fieberhaft gespannt – drehte sich kugelartig weiter herum, bis ihr Bauch zuoberst
                  <lb/> kam, und auf einmal und langsam stieg sie. Stieg ruhig und majestätisch höher und
                  <lb/> höher, himmelwärts. <persName ref="daddeldu_feix">Feix</persName> verhatterte sich in eine
                  <lb/> Rouleauschnur. Und sie stieg stetig. Plötzlich fing <persName ref="daddeldu_feix">Feix</persName> an,
                  <lb/> wie rasend zu hupfen, aber es war schon zu spät, er erreichte nichts mehr. Sie
                  <lb/> stieg höher, feierlich, stieg wie ein Luftballon. Ohne Gondel. Aber oben, im
                  <lb/> Zenith des Ballons, auf dem Nabel, saß deutlich, unbeweglich, ernst und blaß ein
                  <lb/> Moskito.</p>
            </div>
         </div>
      </body>
   </text>
</TEI>