<TEI xmlns="http://www.tei-c.org/ns/1.0" xmlns:xsi="http://www.w3.org/2001/XMLSchema-instance">
   <teiHeader xmlns:xi="http://www.w3.org/2001/XInclude" xmlns:a="http://www.textgrid.info/namespace/digibib/authors" xmlns:fn="http://www.w3.org/2005/xpath-functions">
      <fileDesc>
         <titleStmt>
            <title>Vom Tabarz</title>
         </titleStmt>
         <publicationStmt>
            <publisher/>
            <idno type="handle">hdl:11858/00-1734-0000-0004-9700-3</idno>
            <idno type="TextGridUri">textgrid:tdnf.0</idno>
            <availability>
               <p>
                        <lb/> Der annotierte Datenbestand der Digitalen Bibliothek inklusive Metadaten sowie
                  <lb/> davon einzeln zugängliche Teile sind eine Abwandlung des Datenbestandes von
                  <lb/> www.editura.de durch TextGrid und werden unter der Lizenz Creative Commons
                  <lb/> Namensnennung 3.0 Deutschland Lizenz (by-Nennung TextGrid) veröffentlicht. Die
                  <lb/> Lizenz bezieht sich nicht auf die der Annotation zu Grunde liegenden
                  <lb/> allgemeinfreien Texte (Siehe auch Punkt 2 der Lizenzbestimmungen). </p>
               <p>
                  <ref target="http://creativecommons.org/licenses/by/3.0/de/legalcode">Lizenzvertrag</ref>
               </p>
               <p>
                  <ref target="http://creativecommons.org/licenses/by/3.0/de/"> <lb/>Eine vereinfachte
                     <lb/> Zusammenfassung des rechtsverbindlichen Lizenzvertrages in
                     <lb/> allgemeinverständlicher Sprache </ref>
               </p>
               <p>
                  <ref target="http://www.textgrid.de/Digitale-Bibliothek">
                            <lb/> Hinweise zur Lizenz und
                     <lb/> zur Digitalen Bibliothek</ref>
               </p>
            </availability>
         </publicationStmt>
         <notesStmt>
            <note> Erstdruck in: »Nervosipopel«, S. 66–74, <date when="1922">1924</date> </note>
         </notesStmt>
         <sourceDesc>
            <biblFull>
               <titleStmt>
                  <title>Joachim Ringelnatz: Das Gesamtwerk in sieben Bänden. Herausgegeben von
                     Walter Pape, Band 1: Gedichte, Band 2: Gedichte, Band 3: Dramen, Band 4:
                     Erzählungen, Band 5: Vermischte Prosa, Band 6: Mein Leben bis zum Kriege, Band
                     7: Als Mariner im Krieg, Zürich: Diogenes, 1994.</title>
                  <author key="pnd:118601121">Ringelnatz, Joachim</author>
               </titleStmt>
               <extent>250-</extent>
               <publicationStmt>
                  <publisher/>
                  <date when="1994"/>
                  <pubPlace>Zürich</pubPlace>
               </publicationStmt>
            </biblFull>
         </sourceDesc>
      </fileDesc>
      <profileDesc>
         <creation>
            <date notBefore="1883" notAfter="1934"/>
         </creation>
         <textClass>
            <keywords scheme="http://textgrid.info/namespaces/metadata/core/2010#genre">
               <term>other</term>
            </keywords>
         </textClass>
      </profileDesc>
   </teiHeader>
   <text>
      <body>
         <div type="text" xml:id="tg405.3">
            <div type="h4">
               <head type="h4" xml:id="tg405.3.1">Vom Tabarz</head>
               <p>
                        <lb/> Auf der Wiese zu <placeName>Jekaterinburg</placeName> geboren und wißbegierig war die
                  <lb/> kleine Fliege, aber unverschämt. Es war unvermeidlich wie ungewollt, daß sie durch
                  <lb/> ihre Neugierde mancherlei lernte. Damit prahlte sie dann, überhob sich ihren
                  <lb/> Gleichalterigen und war undankbar gegen abgegraste Lehrer. So besuchte sie oft
                  <lb/> ihre gebrechliche Großmutter, um sich alte Fliegensagen erzählen zu lassen: Von
                  <lb/> der Schlange Leim, die sich aus Kronleuchtern herunterläßt und Zucker ausschwitzt,
                  <lb/> um ihre Opfer anzulocken. Oder vom Ungeheuer Klatsche, das auf Menschen wohnt. Und
                  <lb/> mehr. Aber waren derartige Erzählungen zu Ende, dann warf die schnöde Fliege die
                  <lb/> Eier durcheinander, die Großmutter während des Sprechens gelegt hatte, und flog
                  <lb/> nach solchem oder ähnlichem Unfug ohne Abschied davon, um den Freunden und
                  <lb/> Bekannten Selbsterlebtes betreffs der Schlange Leim vorzulügen.</p>
               <p>
                        <lb/> Die Mitfliegen staunten über
                  <lb/> <persName ref="wuppy">Wuppys</persName> Kühnheit. <persName ref="wuppy">Wuppy</persName> setzte sich in
                  <lb/> ihrer Gegenwart auf die Schiene, als das D-Zug heranbrauste, <pb n="250"/>
                        <lb/> und schwur hoch und teuer, sie würde nicht weichen,
                  <lb/> sondern das D-Zug anhalten. Die Lokomotive tutete.</p>
               <p>
                        <lb/> »Es hat Angst! Es schreit!« triumphierte
                  <lb/> <persName ref="wuppy">Wuppy</persName>. Der Zug bremste, hielt. »Na, seht ihr's?« Viele
                  <lb/> Menschen entströmten dem Zuge.</p>
               <p>
                        <lb/> »Es gebiert lebendige Junge«, erklärte
                  <lb/> <persName ref="wuppy">Wuppy</persName> wichtig und flog neugierig hin, um die Neugeborenen
                  <lb/> zu berüsseln.</p>
               <p>
                        <lb/> Geriet in den Leib des D-Zuges und nahm dort
                  <lb/> auf einem Wurstbrot Platz, das auf dem Schoße eines D-Zug-Embryos balancierte.</p>
               <p>
                        <lb/> Die transsibirische Eisenbahn fuhr weiter;
                  <lb/> über <placeName>Tscheljabinsk</placeName> und <placeName>Irkutsk</placeName>. Neben dem Wurstbrot lag eine verkorkte, mit Kaffee
                  <lb/> gefüllte Flasche. An einem rindenartigen Teil derselben klebten zwei süße Tropfen;
                  <lb/> aber die Fliege wurde gestört durch trampelnde Finger des Kornhändlers
                  <lb/> <persName ref="pagel">Pagel</persName>. Der versuchte ohne Pfropfenzieher zu öffnen. Weil
                  <lb/> das mißlang, stieß er den Korken mittelst eines Bleistiftes hinein, danach tat er
                  <lb/> einen Schluck. Die Fliege war, als sie die Rinde mit den süßen Tropfen
                  <lb/> entschwinden sah, sofort hinterdrein geschossen. Plötzlich ward sie von einem
                  <lb/> Strudel gepackt, verlor die Besinnung, und als sie wieder zu sich kam, schwamm
                  <lb/> sie. Wie damals im Tümpel hinter der Dotterblume. Sie wußte instinktiv und durch
                  <lb/> Großmutter etwas von der Gefahr des Ertrinkens. War daher überglücklich, ein
                  <lb/> Rindenland zu erblicken, erreichte, bestieg es und stürzte sich auf zwei süße
                  <lb/> Tropfen. Dabei beschäftigten sich ihre Hinterbeine mit Abtrocknen.</p>
               <p>
                        <lb/> <persName ref="pagel">Herr Pagel</persName> hatte die
                  <lb/> Flasche mit Papier zugestopft und ins Gepäcknetz gelegt, nun las er, dann streckte
                  <lb/> er sich zum Schlafen.</p>
               <p>
                        <lb/> Nach fünf Reisetagen stieg in <placeName>Strjetensk</placeName> ein
                  <lb/> kleines Kosakenmädchen ins Coupé. Der Kornhändler wollte ein Gespräch anknüpfen,
                  <lb/> aber sechs Tage später, in <placeName>Chabarowsk</placeName>, stieg das Mädchen schon wieder aus.</p>
               <p>
                        <lb/> Fürchterliches hatte die Fliege in diesen
                  <lb/> Fliegenjahren erlebt: Erdbeben, Springtiden, Seestürme und gräßliche Wasserhosen.
                  <lb/> <persName ref="wuppy">Wuppy</persName> machte eine naturwissenschaftliche Beobachtung: Nach
                  <lb/> jeder Wasserhose war das gelbe Tümpel um sie herum seichter.</p>
               <p>
                        <lb/> Schon längst und wiederholt hatte die
                  <lb/> entsetzte Fliege versucht, das Rindeneiland zu verlassen. Sie hatte sich dabei
                  <lb/> sogar vorgenommen, ein neues, bescheideneres Leben anzufangen. Aber überall, in
                  <lb/> gewissen, unterschiedlichen Distanzen fand sie eine gefrorene Luftschicht, die
                  <lb/> sich zwar durchsehen, aber nicht <pb n="251"/>
                        <lb/> durchfliegen
                  <lb/> ließ. <persName ref="wuppy">Wuppy</persName> vermeinte anfangs, sich verirrt zu haben, doch
                  <lb/> stellte sie fest, daß ihre Umgebung dieselbe war und blieb.</p>
               <p>
                        <lb/> Fünfzehn Werst vor <placeName>Wladiwostok</placeName> hielt der Zug
                  <lb/> auf offener Strecke infolge Achsenbruches. Der Kornhändler öffnete das Fenster, um
                  <lb/> nach der Ursache zu fragen. Dann öffnete er die Flasche, um zu trinken; mußte aber
                  <lb/> vorm Trinken erst niesen. An diesem Fliegentage fand <persName ref="wuppy">Wuppy</persName>,
                  <lb/> der Luftströmung folgend, einen Ausweg und war auf einmal auf einer Wiese, auf
                  <lb/> ihrer Wiese. Der Gefahr entronnen blähte sie sich sofort übermütig auf.</p>
               <p>
                        <lb/> Sonderbar: die Blumen hatten sich verändert.
                  <lb/> Wie lange mochte es wohl – – Es schien doch, als – –. <persName ref="wuppy">Wuppy</persName>
                  <lb/> kam aufs philosophische Nachdenken. »Ja!« – »Aha!« – »Seltsam!« – »Aber
                  <lb/> selbstverständlich!« Aber wie lange mocht es nur her sein?
                  <lb/> <persName ref="wuppy">Wuppy</persName> suchte vergeblich nach ihren Gespielen. Endlich
                  <lb/> entdeckte sie den alten Brummer vom Kaninchenaas. <persName ref="tobbold">Tobbold</persName>,
                  <lb/> oder wie er hieß, ein unwissender Proletarier. Aber aus Neugierde sprach
                  <lb/> <persName ref="wuppy">Wuppy</persName> ihn an: »Na, <persName ref="tobbold">Vater Tobbold</persName>, was
                  <lb/> machen denn die alten Knochen?«</p>
               <p>
                        <lb/> Der alte Brummer glotzte, ohne zu antworten.
                  <lb/> Offenbar war er vertrottelt, denn auch sein Äußeres war verzerrt. Als aber
                  <lb/> <persName ref="wuppy">Wuppy</persName> nun auf andere Fliegen stieß, die alle keine Antwort
                  <lb/> gaben und alle auch äußerlich entstellt waren, fragte sie sich: Sollte eine ganze
                  <lb/> Generation Fliegheit vertrotteln können? Dann reflektierte sie weiter: Ich,
                  <lb/> <persName ref="wuppy">Wuppy</persName>, habe das Problem aufgerollt, ob eine ganze
                  <lb/> Generation Fliegheit vertrotteln kann. Da meine Mitfliegen diesem Gedankengang
                  <lb/> ersichtlich nicht zu folgen vermögen, muß ich doch ein – ich darf aus genialer
                  <lb/> Demut nicht aussprechen, was – sein.</p>
               <p>
                        <lb/> Der große Wahn verstärkt die positiven
                  <lb/> Fähigkeiten. <persName ref="wuppy">Wuppy</persName> erblickte auf 20 Meter Entfernung eine ihr
                  <lb/> von Jugend und Großmuttern her bekannte Gefahr: das Laubfrosch.
                  <lb/> <persName ref="wuppy">Wuppy</persName> begnügte sich nicht damit, ihr Leben in Sicherheit
                  <lb/> zu bringen, sondern stellte eine Intelligenzprobe an, indem sie in
                  <lb/> Überlaubfroschhupfhöhe kreiste und durch provozierendes Lachen das Frosch reizte.
                  <lb/> Es quakte wütend, schließlich kleinlaut. <persName ref="wuppy">Wuppy</persName> wurde in
                  <lb/> diesem superioren Moment mordsmäßig durch eine Schwalbe erschreckt, die in
                  <lb/> Rüsselbreite an ihr vorbeisauste. <persName ref="wuppy">Wuppy</persName> flüchtete. Die
                  <lb/> Schwalbe folgte. <persName ref="wuppy">Wuppy</persName> setzte sich auf einen Ast. Die
                  <lb/> Schwalbe auch. <persName ref="wuppy">Wuppys</persName> Herz klopfte zum Zerspringen. »Ich
                  <lb/> fresse Sie nicht«, sagte die Schwalbe beruhigend, »ich bin schon satt.«</p>
               <p>
                        <lb/>
                  <pb n="252"/> Die Schwalbe suchte Unterhaltung. »Ich bin
                  <lb/> noch gar nicht lange aus <placeName>Afrika</placeName> zurück. Auf dem Meere – – wissen Sie, was ein Meer
                  <lb/> ist?«</p>
               <p>
                        <lb/> <persName ref="wuppy">Wuppy</persName> schüttelte
                  <lb/> furchtsam den Kopf.</p>
               <p>
                        <lb/> »Sie brauchen keine Angst zu haben«,
                  <lb/> versicherte die rührende Schwalbe, »vielleicht interessiert es Sie, von meinen
                  <lb/> Reiseerlebnissen zu hören.«</p>
               <p>
                        <lb/> »Wenn Sie mir Ihr Ehrenwort geben, daß Sie
                  <lb/> mich nicht fressen«, sagte <persName ref="wuppy">Wuppy</persName> heiser vor Aufregung.</p>
               <p>
                        <lb/> Die Schwalbe gab's. »Ich weiß sehr wohl, was
                  <lb/> ein Meer ist«, hub <persName ref="wuppy">Wuppy</persName> dreist an, »und habe überhaupt in
                  <lb/> meinem tausendjährigen Leben mancherlei –«</p>
               <p>
                        <lb/> »Tausendjährig?« fragte die Schwalbe.</p>
               <p>
                        <lb/> »Ja, tausendjährig. Ich habe hier noch
                  <lb/> erlebt, daß die Luft stellenweise gefror; ich weiß nicht, ob Ihnen der Begriff
                  <lb/> Eiszeit geläufig ist.«</p>
               <p>
                        <lb/> Die Schwalbe zog ein sehr einfältiges
                  <lb/> Gesicht. <persName ref="wuppy">Wuppy</persName> wippte und fuhr dann, mehr wie zu sich selber,
                  <lb/> aber immerhin sehr laut und deutlich fort: »Damals vor dem Seesturm, als ich das
                  <lb/> D-Zug zum Stehen brachte.«</p>
               <p>
                        <lb/> »Bitte, erzählen Sie!« bat die Schwalbe.</p>
               <p>
                        <lb/> »Nein, ich spreche nicht gern davon.
                  <lb/> Außerdem nehmen mich zur Zeit ernste philosophische Probleme so in Anspruch – –
                  <lb/> Sicherlich ist Ihnen doch wohl bekannt, wer ich bin –?«</p>
               <p>
                        <lb/> »Nein«, sagte die Schwalbe.</p>
               <p>
                        <lb/> »Nein?? Ach wie drollig!«
                  <lb/> <persName ref="wuppy">Wuppy</persName> lächelte gezwungen. »Aber schon recht. Reden Sie
                  <lb/> ganz wie mit Ihresgleichen. Sie wollten Erlebtes berichten. Es ist mir durchaus
                  <lb/> nicht uninteressant, sowas in der primitiven Vorstellungsweise, in der naiven
                  <lb/> Sprache des Volkes zu vernehmen.«</p>
               <p>
                        <lb/> »Ich wage es nicht«, sagte die Schwalbe.</p>
               <p>
                        <lb/> »Papperlapapp! Schießen Sie mal los mit
                  <lb/> Ihrem Schwalbenlatein.«</p>
               <p>
                        <lb/> Die Schwalbe begann eine lange Geschichte
                  <lb/> anspruchslos vorzutragen. <persName ref="wuppy">Wuppy</persName> hatte drei Beine über drei
                  <lb/> andere geschlagen und sich ein wenig abgedreht, als hörte sie nur mit einem Ohr
                  <lb/> zu. Sie hörte aber überhaupt nicht zu, sondern erwog heimlich Fluchtpläne.
                  <lb/> Plötzlich brach die Schwalbe ihre Erzählung ab.</p>
               <p>
                        <lb/> »Nun? Was weiter?« fragte
                  <lb/> <persName ref="wuppy">Wuppy</persName>.</p>
               <p>
                        <lb/> »Mich hungert«, sagte die Schwalbe verlegen
                  <lb/> und wurde rot. Im <pb n="253"/>
                        <lb/> selben Moment schwirrte
                  <lb/> <persName ref="wuppy">Wuppy</persName>, was sie schwirren konnte, in die Tiefe hinab, um
                  <lb/> sich ins Gras zu retten. Dort wurde sie vom Laubfrosch verschluckt. Die rote
                  <lb/> Schwalbe aber flog verärgert nach <placeName>Afrika</placeName> zurück, wo sie mit ihrer Farbe viele
                  <lb/> Büffel wild machte. –</p>
               <p>
                        <lb/> Der aus <placeName>Canada</placeName> stammende Naturforscher, der
                  <lb/> den Laubfrosch zersägte, fand die Fliege und sagte: »Ei ei!« Er sagte es natürlich
                  <lb/> auf Englisch. <hi rend="italic">»Egg egg!«</hi> <persName ref="wuppy">Wuppy</persName> legte zufällig in diesem Augenblicke ihr erstes Ei.
                  <lb/> Sie war längst in dem Alter. Diese vermeintliche Reaktion ließ den Naturforscher
                  <lb/> selig erschauern. Die Entdeckung war gemacht, der theoretische Beweis einmal
                  <lb/> praktisch belegt. Es gab eine tierische Vernunft im menschlichen Sinne. Es gab
                  <lb/> eine Verständigungsmöglichkeit zwischen Insekt und Professor. In der Stärke und
                  <lb/> Sicherheit dieser Überzeugung gelangen dem Forscher weitere Fortschritte. Es
                  <lb/> bedurfte nur eines Rohres mit feinsten Membranen. Das hatte <persName ref="nipp_professor">Professor Nipp</persName> aus
                  <lb/> <placeName>Canada</placeName> schon mitgebracht.</p>
               <p>
                        <lb/> Die Fliegensprache zerfällt erstens in einen
                  <lb/> pantomimischen Teil. »Guten Morgen« heißt z.B. auf Fliegisch nicht <hi rend="italic">»Good morning«.</hi> Rechtes Mittelbein
                  <lb/> dreißig Grad nach oben gekrümmt, bedeutet: »Wie spät ist es?« Mit unermüdlichem
                  <lb/> Fleiß lernte <persName ref="nipp_professor">Professor Nipp</persName> Fliegisch. Der phonetische Teil dieser Sprache kennt
                  <lb/> keine Maskulina.</p>
               <p>
                        <lb/> <persName ref="nipp_professor">Nipp</persName> schloß einen Vertrag mit der Fliege.
                  <lb/> Sie verpflichtete sich, den Professor auf einer sechsmonatigen Vortragsreise durch
                  <lb/> <placeName>Canada</placeName> zu begleiten und während der Vorführungen durch promptes Antworten und
                  <lb/> folgsames Reagieren die demonstrative Beweisführung des Professors zu
                  <lb/> unterstützen. Dieser verpflichtete sich dagegen, ihr während der Reise angemessene
                  <lb/> Nahrung und Unterkunft zu bieten, und garantierte dafür, daß das Auftreten der
                  <lb/> Fliege im streng wissenschaftlichen Rahmen bliebe und keiner merkantilen
                  <lb/> Ausbeutung ausgesetzt sei. <persName ref="wuppy">Wuppy</persName> unterzeichnete den Gegenkontrakt fliegisch mit
                  <lb/> mehreren plastischen Pünktchen.</p>
               <p>
                        <lb/> <persName ref="nipp_professor">Professor Nipp</persName> kabelte nach <placeName>Canada</placeName>,
                  <lb/> bestellte Säle, Reklame und Impresario. Er kaufte ein schönes Fliegenspind, setzte
                  <lb/> Harzer Käse, Erdbeeren und Pferdedung hinein und bat <persName ref="wuppy">Wuppy</persName>, näherzutreten. Dann
                  <lb/> schiffte er sich und sie ein.</p>
               <p>
                        <lb/> Es war eine herrliche Überfahrt. Die frohe,
                  <lb/> durch eine gewisse wissenschaftliche Weihe gehobene Stimmung des Professors machte
                  <lb/> ihn aufmerksam und gütig gegen alles und jedermann. Er <pb n="254"/>
                        <lb/> kletterte mittags ins Matrosenlogis hinunter,
                  <lb/> spendierte Cognak und unterhielt sich mit den Seeleuten. Es waren merkwürdige
                  <lb/> Kerle, etwas einseitig, aber durchaus gar nicht dumm, sondern sogar nachdenklich
                  <lb/> und amüsant. Wie sie bei großer Weltkenntnis oft noch am seltsamsten Aberglauben
                  <lb/> festhielten, wobei ihre schnurrige Phantasie die wunderlichsten Wege ging.</p>
               <p>
                        <lb/> Der Leichtmatrose <persName ref="fritzsche">Fritzsche</persName> erzählte von dem
                  <lb/> unmenschlichen <persName ref="tabarz">Riesen Tabarz</persName>, den er schon mehrmals auf See angetroffen hätte.
                  <lb/> <persName ref="nipp_professor">Professor Nipp</persName> lächelte, aber auch die eignen Kameraden nahmen <persName ref="fritzsche">Fritzschen</persName> nicht
                  <lb/> ernst, weil er aus <placeName>Friedrichroda</placeName> stammte. Der Leichtmatrose stieg beleidigt an
                  <lb/> Deck. Nach einer halben Stunde rief er dringlich von oben herab: »Herr Professor!
                  <lb/> Herr Professor!«</p>
               <p>
                        <lb/><hi rend="italic"> »Was gibts?«</hi></p>
               <p>
                  <lb/> <hi rend="italic">»Er ist da!«</hi></p>
               <p>
                  <lb/><hi rend="italic"> »Wer ist da?«</hi></p>
               <p>
                  <lb/> <hi rend="italic">»Der Riese. Wollen Sie ihn sehen?«</hi></p>
               <p>
                  <lb/> <hi rend="italic">»Ei ei«</hi>, sagte der Naturforscher und
                  <lb/> kletterte an Deck. Die andern folgten. Die See lag glatt. Nirgends im Rund war
                  <lb/> Land oder ein Schiff zu erblicken. Kein Wölkchen zeigte sich am blauen Himmel. Die
                  <lb/> Matrosen lachten.</p>
               <p>
                        <lb/> <hi rend="italic">»Na, wo steckt denn Ihr <persName ref="tabarz">Herr Tabarz</persName>?«</hi> fragte
                  <lb/> <persName ref="nipp_professor">Nipp</persName> freundlich eingestellt.</p>
               <p>
                        <lb/> <hi rend="italic">»Dort!«</hi> <persName ref="fritzsche">Fritzsche</persName> zeigte überall hin.</p>
               <p>
                        <lb/> <hi rend="italic">»Wo?«</hi></p>
               <p>
                        <lb/><hi rend="italic"> »Sehen Sie den blauen Himmel?«</hi> fragte
                  <lb/> <persName ref="fritzsche">Fritzsche</persName>.</p>
               <p>
                        <lb/> <hi rend="italic">»Freilich, aber –«</hi></p>
               <p>
                        <lb/><hi rend="italic"> »Nun, der ganze blaue Himmel ist ein Stück
                  <lb/> mittelste Füllung von einem Knopf an der Hose von dem <persName ref="tabarz">Riesen Tabarz</persName>.«</hi></p>
               <p>
                        <lb/> Der Professor wurde in diesem Augenblick vom
                  <lb/> Steward abgerufen.</p>
               <p>
                        <lb/> In <persName ref="nipp_professor">Nipps</persName> Kabine war eingebrochen worden.
                  <lb/> <persName ref="fritzsche">Fritzsche</persName> hatte, ohne böse Absicht, nur aus Neugierde, das Fliegenspind entdeckt.
                  <lb/> Und weil er den Käse und die Erdbeeren darin für die Hauptsache und die Fliege und
                  <lb/> den Pferdedung für die Nebensache ansah, so hatte er die Hauptsache aufgefressen
                  <lb/> und das Nebensächliche zerquetscht.</p>
            </div>
         </div>
      </body>
   </text>
</TEI>