<TEI xmlns="http://www.tei-c.org/ns/1.0" xmlns:xsi="http://www.w3.org/2001/XMLSchema-instance">
   <teiHeader xmlns:xi="http://www.w3.org/2001/XInclude" xmlns:a="http://www.textgrid.info/namespace/digibib/authors" xmlns:fn="http://www.w3.org/2005/xpath-functions">
      <fileDesc>
         <titleStmt>
            <title>Vom Baumzapf</title>
         </titleStmt>
         <publicationStmt>
            <publisher/>
            <idno type="handle">hdl:11858/00-1734-0000-0004-95B0-5</idno>
            <idno type="TextGridUri">textgrid:td7v.0</idno>
            <availability>
               <p>
                        <lb/> Der annotierte Datenbestand der Digitalen Bibliothek inklusive Metadaten sowie
                  <lb/> davon einzeln zugängliche Teile sind eine Abwandlung des Datenbestandes von
                  <lb/> www.editura.de durch TextGrid und werden unter der Lizenz Creative Commons
                  <lb/> Namensnennung 3.0 Deutschland Lizenz (by-Nennung TextGrid) veröffentlicht. Die
                  <lb/> Lizenz bezieht sich nicht auf die der Annotation zu Grunde liegenden
                  <lb/> allgemeinfreien Texte (Siehe auch Punkt 2 der Lizenzbestimmungen). </p>
               <p>
                  <ref target="http://creativecommons.org/licenses/by/3.0/de/legalcode">Lizenzvertrag</ref>
               </p>
               <p>
                  <ref target="http://creativecommons.org/licenses/by/3.0/de/"> <lb/>Eine vereinfachte
                     <lb/> Zusammenfassung des rechtsverbindlichen Lizenzvertrages in
                     <lb/> allgemeinverständlicher Sprache </ref>
               </p>
               <p>
                  <ref target="http://www.textgrid.de/Digitale-Bibliothek">
                            <lb/> Hinweise zur Lizenz und
                     <lb/> zur Digitalen Bibliothek</ref>
               </p>
            </availability>
         </publicationStmt>
         <notesStmt>
            <note> Erstdruck in: »Nervosipopel«, S. 53–58,<date when="1922">1924</date> </note>
         </notesStmt>
         <sourceDesc>
            <biblFull>
               <titleStmt>
                  <title>Joachim Ringelnatz: Das Gesamtwerk in sieben Bänden. Herausgegeben von
                     Walter Pape, Band 1: Gedichte, Band 2: Gedichte, Band 3: Dramen, Band 4:
                     Erzählungen, Band 5: Vermischte Prosa, Band 6: Mein Leben bis zum Kriege, Band
                     7: Als Mariner im Krieg, Zürich: Diogenes, 1994.</title>
                  <author key="pnd:118601121">Ringelnatz, Joachim</author>
               </titleStmt>
               <extent>239-</extent>
               <publicationStmt>
                  <publisher/>
                  <date when="1994"/>
                  <pubPlace>Zürich</pubPlace>
               </publicationStmt>
            </biblFull>
         </sourceDesc>
      </fileDesc>
      <profileDesc>
         <creation>
            <date notBefore="1883" notAfter="1934"/>
         </creation>
         <textClass>
            <keywords scheme="http://textgrid.info/namespaces/metadata/core/2010#genre">
               <term>other</term>
            </keywords>
         </textClass>
      </profileDesc>
   </teiHeader>
   <text>
      <body>
         <div type="text" xml:id="tg402.3">
            <div type="h4">
               <head type="h4" xml:id="tg402.3.1">Vom <persName ref="magda_baumzapf">Baumzapf</persName>
               </head>
               
               <p>
                        <lb/>
                  <persName ref="magda_baumzapf">Magdalissimus Baumzapf</persName> ging zu seinem
                  <lb/>Onkel.</p>
               <p>
                        <lb/>
                  <persName ref="magda_baumzapf">Magdalissimus</persName> hatten
                  <lb/>seine Eltern ihn taufen lassen, damit er etwas Apartes, Originelles werden möchte.
                  <lb/>Denn sein Vater war zeitlebens in langen Haaren und Sammetjackett umhergewandelt.
                  <lb/>Da sich der Alte zum Sterben streckte, hatte er ohne Zweifel keine Ahnung von dem
                  <lb/>berühmten Ausspruch <persName ref="byron">Lord Byrons</persName>, daß zwei Rosse keine Violine
                  <lb/>nageln. Denn nunmehr, das heißt 28 Jahre nach des Vaters Tode und 29 Jahre nach
                  <lb/>seiner eigenen Taufe trug <persName ref="magda_baumzapf">Magdalissimus</persName> außer diesem Namen,
                  <lb/>einer Stinkwut und zwei dicken Foliobänden illustrierter Bechstein-Märchen nichts
                  <lb/>weiter Wesentliches zu seinem Onkel.</p>
               <p>
                        <lb/>Er haßte seinen Onkel. Der Onkel liebte ihn.
                  <lb/>Der Onkel lieh kein Geld her. <persName ref="magda_baumzapf">Magdalissimus</persName> schenkte immer
                  <lb/>wieder Bücher hin. Der Onkel sammelte leidenschaftlich, u.a. Bücher.
                  <lb/>
                        <persName ref="magda_baumzapf">Magdalissimus</persName> borgte leidenschaftlich, aber unleugbar war
                  <lb/>der Onkel ein außerordentlicher <pb n="239"/>
                        <lb/>Geizhals.
                  <lb/>Seitdem er z.B. einmal als Gast bei einem <placeName>Diner Schnepfendreck</placeName> gespeist hatte,
                  <lb/>wünschte er nichts sehnlicher, als eine Schnepfe zu sein.</p>
               <p>
                        <lb/>Doch billigerweise hat gerade diese übelste
                  <lb/>Wurzel, Geiz, meist eine oder mehrere sonderliche Tugenden in Begleitschaft. Und
                  <lb/>allein die Freude, das Verständnis und die Sorgfalt, womit der Onkel Bücher
                  <lb/>sammelte, Bücher stapelte, hätten genügen müssen, um im Busen seines Neffen einen
                  <lb/>ganz raffinierten Mord- und Racheplan zu ersticken. Rache, weil der Onkel kein
                  <lb/>Geld gab; Mord, weil er viel besaß.</p>
               <p>
                        <lb/>Mittelst anderweitiger Geldanleihen, zäher
                  <lb/>Energie und Schwindeleien konsultierte <persName ref="magda_baumzapf">Magdalissimus</persName>
                  <lb/>Architekten, Notare, Literarhistoriker, besuchte er Antiquariate und Buchbinder.
                  <lb/>Und nach zwei Jahren feindseliger Zurückgezogenheit wußte er allerlei Bedeutsames,
                  <lb/>z.B. wieviel Gewicht ein Balken trägt.</p>
               <p>
                        <lb/>Da ging er zum erstenmal wieder zu seinem
                  <lb/>Onkel, bat um Verzeihung und verehrte ihm zur Versöhnung die Memoiren
                  <lb/>
                        <persName ref="casanova_giacomo">Casanovas</persName>, die sehr seltene Originalausgabe, vor d.
                  <lb/>franz., 12 Bände, in Bronze gebunden.</p>
               <p>
                        <lb/>Der Onkel umarmte ihn, weinte, blieb – der
                  <lb/>neunundsechzigjährige Mann! – seines Neffen wegen bis 2 Uhr morgens wach, sein
                  <lb/>Bestes erzählend, und begleitete sogar noch den jungen Mann vier Meilen weit bis
                  <lb/>an dessen Wohnung. Denn Geizige sind unermüdlich in ihrer Dankbarkeit. Sie leben
                  <lb/>sehr lange.</p>
               <p>
                        <lb/>In der Folge kam
                  <lb/>
                        <persName ref="magda_baumzapf">Magdalissimus</persName> oft, später täglich; jedesmal brachte er
                  <lb/>Bücher für den Onkel mit. Schöne alte Bücher, interessante Bücher, dicke Bücher,
                  <lb/>Folianten. Vielbändige Werke, Brockhaus, <persName ref="meyers">Meyers</persName> Lexikon,
                  <lb/>Große Ausgabe; den ganzen <persName ref="luther_martin">Luther</persName>, Europäische Annalen.
                  <lb/>Erbauliche Werke. Eine umfangreiche Bibelsammlung auf einmal und dann nach und
                  <lb/>nach ixerlei, wahllos oder vielmehr encyklopädisch. Auch anfechtbare Sachen, wie
                  <lb/><persName ref="may_karl">Karl Mays</persName> Schriften, alle Sammelbände Simplicissimus und
                  <lb/>dergl. All das neu und solid gebunden. In Holz gebunden mit Messingbeschlägen. In
                  <lb/>Lederdeckeln mit Bleieinlage. In sammetüberzogenes Eisen gebunden. In Nickel; in
                  <lb/>Kupfer.</p>
               <p>
                        <lb/>
                  <persName ref="magda_baumzapf">Magdalissimus
                     <lb/>Baumzapfens</persName> Mutter starb am Magenkrebs und hinterließ, was aus
                  <lb/>zwölfjährigem Mittagstisch herauszuschlagen war. Der Onkel weinte, küßte,
                  <lb/>tröstete, dichtete einen Nekrolog, zeichnete die Verblichene aus dem Gedächtnis,
                  <lb/>wanderte jeden Sonntag eigenhändig nach dem Friedhof, um das Grab zu <pb n="240"/>
                        <lb/>begießen, und schenkte die Jugendbriefe der Toten hin.
                  <lb/>Schenkte!</p>
               <p>
                        <lb/>
                  <persName ref="magda_baumzapf">Magdalissimus</persName> wendete
                  <lb/>die halbe Erbschaft daran, um sich mit wertvollen Reisebeschreibungen und
                  <lb/>sämtlichen Jahrgängen der <hi rend="italic">»Times«</hi> zu revanchieren.</p>
               <p>
                        <lb/>Er redete auf seinen Onkel ein: Hier eine
                  <lb/>kostbare unersetzliche Bibliothek in dauernder Feuersgefahr. Demgegenüber
                  <lb/>nichtswürdig hohe Versicherungsgebühren. Und dahinter fast lächerliche, nein
                  <lb/>trügerische Ersatzansprüche. Der Onkel verließ nicht mehr seine Wohnung.</p>
               <p>
                        <lb/>
                  <persName ref="magda_baumzapf">Magdalissimus</persName> kam und
                  <lb/>schenkte. Er wog seine Geschenke zuvor, ideell wie materiell. Sein zweijähriges
                  <lb/>Studium hatte ihm eine gewisse physikalische und mathematische Gewandtheit
                  <lb/>verliehen, und eine verständliche Vorsicht gab ihm den Vorsatz ein, die letzten
                  <lb/>fünf Zentner nicht mehr persönlich zum Onkel zu schaffen, sondern sie lieber
                  <lb/>eingeschrieben per Post aus Influenza zu senden. In seinen Gedanken galt ihm dabei
                  <lb/>ein zerquetschter Paketträger für ein schrecklich betrübliches, aber
                  <lb/>unumgängliches Opfer.</p>
               <p>
                        <lb/>Onkels Bewegungsradius verkleinerte sich.
                  <lb/>Bücher drängten sich an Bücher, übereinander bis an die Decke. Und da sandte
                  <lb/>
                        <persName ref="magda_baumzapf">Magdalissimus</persName> das neue, verschließbare und feuersichere
                  <lb/>Bücherregal aus Stahl.</p>
               <p>
                        <lb/>Onkels Zimmerwände knackten spukhaft. Es
                  <lb/>knackte in den Bohlen des Fußbodens. Onkel wurde unruhig. Er merkte schon lange
                  <lb/>was, aber nicht richtig was.</p>
               <p>
                        <lb/>Jetzt wieder zurück zum Anfang der
                  <lb/>Erzählung. <persName ref="magda_baumzapf">Magdalissimus Baumzapf</persName> ging zu seinem Onkel. Das
                  <lb/>letzte Mal.</p>
               <p>
                        <lb/>Er schenkte zwei illustrierte Foliobände:
                  <lb/>Bechsteins Märchen, in vergoldeten Marmor gebunden. Onkels
                  <lb/>Stube betretend, ließ er die Bücher im Schreck fallen, weil er eine Senkung im
                  <lb/>Fußboden gewahrte; und das Fensterbrett war verbogen. Aber gleich hinterdrein
                  <lb/>erschreckt, hob er die Bücher hastig wieder auf, um den Fußboden wieder um ihr
                  <lb/>Gewicht zu erleichtern.</p>
               <p>
                        <lb/><hi rend="italic">»Mach dir's leicht, guter Junge, und nimm
                  <lb/>Platz«</hi>, sagte der Onkel. Onkel hatte heute etwas zum Anbieten: Zigaretten, eine
                  <lb/>ganz besondere Sorte, zwei Stunden weit extra für den Neffen herbeigeholt. Der
                  <lb/>nickte nur, weil ihm der Atem noch nicht zurückgekehrt war.</p>
               <p>
                        <lb/><hi rend="italic">»Mein Gott! Junge, du bist ja ganz blaß!
                  <lb/>Fehlt dir was?«</hi></p>
               <p>
                        <lb/>Magdalissimus wehrte verwirrt, suchte nach
                  <lb/>irgend – – Aber <pb n="241"/>
                        <lb/>es klopfte, und ein halbes
                  <lb/>Dienstmädchen meldete, die erste Lieferung von <persName ref="bollermann">Bollermann</persName> sei
                  <lb/>angelangt.</p>
               <p>
                        <lb/>Vielleicht erhoffte Onkel eine neue
                  <lb/>bibliophile Dedikation <persName ref="magda_baumzapf">Magdalissimi</persName>; er sagte: <hi rend="italic">»Bitte, man
                  <lb/>soll sie hereinbringen.«</hi> Dabei griff er mit erstaunlicher Stärke und Behendigkeit
                  <lb/>sechs Bibeln aus einem Regal, als wollte er Platz für das Kommende schaffen.
                  <lb/><hi rend="italic">»Onkel«</hi>, rief <persName ref="magda_baumzapf">Magdalissimus</persName>, sich erregt erhebend, »erwartest
                  <lb/>du etwa noch – –?«</p>
               <p>
                        <lb/><hi rend="italic">»Bitte halte mal!« antwortete der Onkel und
                  <lb/>drückte ihm die sechs Bibeln so wuchtig in die Arme, daß der junge <persName ref="magda_baumzapf">Baumzapf</persName> damit
                  <lb/>in den Sessel zurückfiel. Da klopfte es, ging die Türe auf, brachte ein
                  <lb/>bügelförmiger Mann die erste Lieferung von <persName ref="bollermann">Bollermann</persName> herein: Zwei Zentner
                  <lb/>Kartoffeln. »Macht fünf Mark.«</hi></p>
               <p>
                        <lb/>Wo die Senkung im Fußboden war, knackte es.
                  <lb/>Der braune Fußbodenlack bekam das Muster windbestrichener See.</p>
               <p>
                        <lb/>
                  <persName ref="magda_baumzapf">Magdalissimus</persName> wollte
                  <lb/>sich – – die Bibeln – – <hi rend="italic">»Onkel!!«</hi>– – Kennacks – Prrracks – Tschsch-Tu – Tsch –
                  <lb/>Lipp-Wupp – Huihhh – (Fallen).</p>
               <p>
                        <lb/>(Onkel bewohnte im vierstöckigen
                  <lb/>Geschäftshause eine preiswerte Mansardenwohnung.)</p>
               <p>
                        <lb/>Bum – Kladdera – Bumms –. Mit den tausenden
                  <lb/>von Büchern mischten sich plötzlich Akten, Schreibmaschinen, junge Mädchen und
                  <lb/>Tintenfässer. – Nack Nack Nack – Nicks – Pracks – Drucks – Uhüiihh – Bum –
                  <lb/>Kladdera – Bumms –. Mit den Büchern, Mädchen, Akten, Tintenmaschinen und
                  <lb/>Schreibfässern vermengten sich plötzlich tausende von Korsetts – lila, weiß, rosa.
                  <lb/>Krrr – Uiehks – schlitterteklitterte huihhh Bumms. Intimes Interieur. Ganz
                  <lb/>flüchtig. Ein Arzt schrie auf. Die Geburt eines Zwillings war abgebrochen. Knacks
                  <lb/>– Huih – Bumms – Bumms – –. Stille – –.</p>
               <p>
                        <lb/>
                  <persName ref="magda_baumzapf">Magdalissimus</persName> war so
                  <lb/>verschüttet, daß sein Kopf eben noch herausragte. Zwei Stunden dauerten die
                  <lb/>Aufräumungsarbeiten bis zu seiner Befreiung, und gerade so lange lebte er noch.
                  <lb/>Aber während dieser Zeit sah er dauernd seinen Onkel beflügelt in den Wolken
                  <lb/>kreisen, einen Fünfmarkschein in der Hand schwenkend, und hörte ihn fröhlich
                  <lb/>zwitschern.</p>
            </div>
         </div>
      </body>
   </text>
</TEI>