<TEI xmlns="http://www.tei-c.org/ns/1.0" xmlns:xsi="http://www.w3.org/2001/XMLSchema-instance">
   <teiHeader xmlns:xi="http://www.w3.org/2001/XInclude" xmlns:a="http://www.textgrid.info/namespace/digibib/authors" xmlns:fn="http://www.w3.org/2005/xpath-functions">
      <fileDesc>
         <titleStmt>
            <title>Vom Zwiebelzahl</title>
         </titleStmt>
         <publicationStmt>
            <publisher/>
            <idno type="handle">hdl:11858/00-1734-0000-0004-95D2-A</idno>
            <idno type="TextGridUri">textgrid:td94.0</idno>
            <availability>
               <p>
                        <lb/> Der annotierte Datenbestand der Digitalen Bibliothek inklusive Metadaten sowie
                  <lb/> davon einzeln zugängliche Teile sind eine Abwandlung des Datenbestandes von
                  <lb/> www.editura.de durch TextGrid und werden unter der Lizenz Creative Commons
                  <lb/> Namensnennung 3.0 Deutschland Lizenz (by-Nennung TextGrid) veröffentlicht. Die
                  <lb/> Lizenz bezieht sich nicht auf die der Annotation zu Grunde liegenden
                  <lb/> allgemeinfreien Texte (Siehe auch Punkt 2 der Lizenzbestimmungen). </p>
               <p>
                  <ref target="http://creativecommons.org/licenses/by/3.0/de/legalcode">Lizenzvertrag</ref>
               </p>
               <p>
                  <ref target="http://creativecommons.org/licenses/by/3.0/de/"> <lb/>Eine vereinfachte
                     <lb/> Zusammenfassung des rechtsverbindlichen Lizenzvertrages in
                     <lb/> allgemeinverständlicher Sprache </ref>
               </p>
               <p>
                  <ref target="http://www.textgrid.de/Digitale-Bibliothek">
                            <lb/> Hinweise zur Lizenz und
                     <lb/> zur Digitalen Bibliothek</ref>
               </p>
            </availability>
         </publicationStmt>
         <notesStmt>
            <note> Erstdruck in: »Frankfurter Zeitung und Handelsblatt«, 66, Nr. 628,<date when="1922">1921</date> </note>
         </notesStmt>
         <sourceDesc>
            <biblFull>
               <titleStmt>
                  <title>Joachim Ringelnatz: Das Gesamtwerk in sieben Bänden. Herausgegeben von
                     Walter Pape, Band 1: Gedichte, Band 2: Gedichte, Band 3: Dramen, Band 4:
                     Erzählungen, Band 5: Vermischte Prosa, Band 6: Mein Leben bis zum Kriege, Band
                     7: Als Mariner im Krieg, Zürich: Diogenes, 1994.</title>
                  <author key="pnd:118601121">Ringelnatz, Joachim</author>
               </titleStmt>
               <extent>231-</extent>
               <publicationStmt>
                  <publisher/>
                  <date when="1994"/>
                  <pubPlace>Zürich</pubPlace>
               </publicationStmt>
            </biblFull>
         </sourceDesc>
      </fileDesc>
      <profileDesc>
         <creation>
            <date notBefore="1883" notAfter="1934"/>
         </creation>
         <textClass>
            <keywords scheme="http://textgrid.info/namespaces/metadata/core/2010#genre">
               <term>other</term>
            </keywords>
         </textClass>
      </profileDesc>
   </teiHeader>
   <text>
      <body>
         <div type="text" xml:id="tg400.3">
            <div type="h4">
               <head type="h4" xml:id="tg400.3.1">Vom <persName ref="zwiebelzahl">Zwiebelzahl</persName>
                    </head>
               <p>
                        <lb/>
                  <persName ref="tretebalg">Herr Tretebalg</persName> war von Beruf polizeilich
                  <lb/> verfolgter Wunderarzt, Naturarzt, Dentist; wie mans nehmen wollte. Von Zähnen und
                  <lb/> Hühneraugen abgesehen, gab es Hunderte von Geheilten, die seine Magie priesen. Den
                  <lb/> <persName ref="lobesand">Glaser Lobesand</persName> hatte er von der Gallenpest befreit,
                  <lb/> einfach dadurch, daß er ihm zweimal mit einem Pferdeknochen über den Bauch strich
                  <lb/> und dabei sagte: »Lache mal!« Fertig: Gelacht – gesund.</p>
               <p>
                        <lb/>Fachleute, wie <persName ref="quilippi">Dr.
                  Quilippi</persName>, nannten <persName ref="tretebalg">Tretebalgen</persName> einen fatalen
                  <lb/> Quacksalber.</p>
               <p>
                        <lb/>Das Fernrohr in der Hand des fatalen
                  <lb/> Quacksalbers zitterte. Wahrhaftig: drüben im Garten war eine kleine aber festliche
                  <lb/> Tafel gedeckt, deutlich für zwei Personen. <persName ref="tretebalg">Tretebalg</persName> stand
                  <lb/> schon im Frack bereit. Aber nein. Nein, nein! Er wollte doch noch absagen. Mit
                  <lb/> einem Menschen zusammen essen, der – der –, wenn auch nicht –, aber schon dieses
                  <lb/> ewige Gelehrte, dieses Austüfteln! Dieser verknöcherte Aktenstaub, dieser muffige
                  <lb/> nichts wie Bücherkram! Tretebalg legte noch einmal das Fernrohr über die Brüstung.
                  <lb/> Ja, dort oben saß er! Der gebildete, gelehrte <persName ref="quilippi">Herr Dr.
                     Quilippi</persName>; nur ein <pb n="231"/>
                        <lb/> Stück krummen
                  <lb/> Rückens sah man, aber dieser Rücken schnüffelte ohne Zweifel wieder mit seiner
                  <lb/> blutlosen Nase in blödsinnigen, stinkigen Schmökern herum, lernte jetzt, eine
                  <lb/> Stunde vor dem Festessen, allerlei veraltetes, verbohrtes Gewäsch auswendig, womit
                  <lb/> er dem andern Eindruck machen würde, klaubte sich vielleicht spitzfindige,
                  <lb/> hinterlistige, schuftige Fremdwörter zusammen, um – um den Quacksalber, den
                  <lb/> fatalen Quacksalber in Verlegenheit – – <hi rend="italic">»Huach!!«</hi> Ein Ausstoß, fast Kreischen. Das
                  <lb/> Fernrohr entrollte. Erst über die Brüstung und, als <persName ref="tretebalg">Herr
                     Tretebalg</persName> zugriff, schnell in die Tiefe. <hi rend="italic">»Hüukschä!«</hi> Das gab den
                  <lb/> Rest. <persName ref="tretebalg">Tretebalg</persName> hatte auf einmal einen Revolver in der Hand,
                  <lb/> legte nach drüben zu auf den krummen Rücken an und feuerte einen Schuß ab. Dann
                  <lb/> fiel er steif rücklings um. Ins Zimmer. Auf einen Teppich.</p>
               <p>
                        <lb/>Der Naturarzt hatte meisterhaft gezielt. Der
                  <lb/> <persName ref="zwiebelzahl_berggeist">Berggeist Zwiebelzahl</persName> flog gerade unsichtbar vorbei. Er
                  <lb/> kam von einem überirdischen Billardspiel, und da ihm der Schuß natürlich nicht
                  <lb/> entging, machte er sich einen Scherz daraus, der fliegenden Kugel durch einen
                  <lb/> ebenso geschickten wie heftigen Stoß mit dem unsichtbaren Billardqueue ein
                  <lb/> wohlberechnetes Effet zu geben. Derart, daß sie rechts ab einmal um den Erdball
                  <lb/> herumsausen und erst dann wieder ihre alte Richtung aufnehmen mußte.</p>
               <p>
                        <lb/>
                  <persName ref="tretebalg">Tretebalg</persName> hatte den
                  <lb/> Doktor erschossen, der ihn – als Einzigen – zum fünfzigjährigen
                  <lb/> Geburtstagsschmause einlud. An dieser Tatsache kaute der Wunderarzt nun herum, wie
                  <lb/> ein junger Hund an seiner Speckschwarte. Er versuchte sie zu verschlucken; sie kam
                  <lb/> immer wieder hervor. Wie er sie auch anpackte, sie blieb, was sie war.</p>
               <p>
                        <lb/>
                  <persName ref="tretebalg">Herr Tretebalg</persName> erhob
                  <lb/> sich grau verstört, wankte nach dem Nachbarhause hinüber, verzweifelt
                  <lb/> entschlossen, nun die Rolle des Harmlosen, Überraschten, Entsetzten zu spielen.
                  <lb/> Welche Rolle!</p>
               <p>
                        <lb/>Irgendwer führte ihn nach oben, öffnete die
                  <lb/> Tür zum Arbeitszimmer des Doktors. <persName ref="tretebalg">Tretebalg</persName> trat ein.</p>
               <p>
                        <lb/>Aber nicht so wie ein Blitz aus heiterem
                  <lb/> Himmel oder wie von der Tarantel gestochen, sondern gerade umgekehrt anders, traf
                  <lb/> ihn der Anblick des ihm lächelnd entgegenschreitenden Doktors.</p>
               <p>
                        <lb/><hi rend="italic">»Herzlich willkommen, mein bester <hi rend="italic">amicus</hi> Tretebalg.«</hi></p>
               <p>
                        <lb/><hi rend="italic">»Leben Sie denn noch?«</hi> entfuhr es
                  <lb/> <persName ref="tretebalg">Herrn Tretebalg</persName> aus tiefstem Innern.</p>
               <p>
                        <lb/><hi rend="italic">»Wie beliebt?«</hi> fragte der Doktor zerstreut
                  <lb/> und sah ernst nach der Uhr.</p>
               <p>
                        <lb/>
                  <pb n="232"/> <hi rend="italic">»Gottlob, daneben getroffen!«</hi>
                  <lb/> <persName ref="tretebalg">Tretebalg</persName> stammelte dankbar selig verwirrt.<hi rend="italic">»Nichts,
                  <lb/> nichts! – Ich meine – ich dachte, Sie wären t-o-t.«</hi></p>
               <p>
                        <lb/><hi rend="italic">»Daß ich nicht wüßte«</hi>, bemerkte
                  <lb/> <persName ref="quilippi">Herr Doktor Quilippi</persName> verbindlich.
                  <lb/> <persName ref="tretebalg">Tretebalg</persName> kam zu sich.<hi rend="italic"> »Meinen herzlichsten,
                  <lb/> allerherzlichsten Glückwunsch.«</hi> – »Danke! danke!« Der Jubilar wies dem Gast einen
                  <lb/> bequemen Stuhl an, und indem er sich selbst wieder auf seinen alten Arbeitsplatz
                  <lb/> begab, begann er: »Mein lieber Herr Nachbar, lassen Sie uns, ehe wir zum Essen
                  <lb/> gehen, hier nach alter quinzantolischer Sitte einen alten Drackfallqueribus
                  <lb/> trinken und eine echte Kakastimmbett dazu rauchen.«</p>
               <p>
                        <lb/>
                  <persName ref="tretebalg">Tretebalg</persName> war noch so
                  <lb/> froh erschüttert, daß er diese Fremdwörter nicht nur innerlich verzieh, sondern
                  <lb/> sogar dem Doktor gestand, wie er absolut nicht ahne, was sie bedeuteten.</p>
               <p>
                        <lb/>»Was tuts?« sagte dieser freundlich. »Es
                  <lb/> beweist nur Ihre überlegene Ehrlichkeit, wenn Sie die von mir sinnlos und
                  <lb/> kompliziert erdachten Namen durch schlichtere, näherliegende ersetzen. Das, was
                  <lb/> sie bezeichnen, verändert sich darum doch nicht, sondern bleibt eben ein selbst
                  <lb/> präparierter Getreidekümmel und ein anspruchsloser, von mir selbst erfundener
                  <lb/> Tabak aus Lindenblüten und pulverisierten Wespen.«</p>
               <p>
                        <lb/>
                  <persName ref="tretebalg">Tretebalg</persName> öffnete den
                  <lb/> Mund. Er schloß ihn wieder, weil der Doktor einschenkte, Pfeifen stopfte, Feuer
                  <lb/> reichte und herzlich aufs neue den Faden aufnahm: »Ich beschäftige mich ein wenig
                  <lb/> mit allerlei praktischen Arbeiten und Erfindungen und bin nicht so ganz der
                  <lb/> verknöcherte Büchermensch oder Theoretiker, für den Sie mich vielleicht – –«</p>
               <p>
                        <lb/>»Im Gegenteil«, warf
                  <lb/> <persName ref="tretebalg">Tretebalg</persName> mit feierlicher Betonung ein. »Und zum Beweise
                  <lb/> dafür«, fuhr der Doktor unter einer liebenswürdigen Verneigung fort, »möchte ich
                  <lb/> Ihnen hiermit« – (er öffnete ein Etui) – »diese Uhr verehren, die ich selber,
                  <lb/> nicht ohne mancherlei Schwierigkeiten und Vorstudien, hergestellt habe.«</p>
               <p>
                        <lb/>Dem Wunderarzt ging es wie Glühen durchs
                  <lb/> Herz. »Aber <persName ref="quilippi">Herr Doktor Quilippi</persName>! Das ist ja Silber! Da sind
                  <lb/> ja echte Diamanten darauf!« – »48 Stunden«, erwiderte der Doktor, der sich verhört
                  <lb/> hatte und über die Konstruktion nachsann. »Ich habe sie eben aufgezogen.«</p>
               <p>
                        <lb/>Echte Tränen der Scham und der Reue tropften
                  <lb/> auf die Diamanten des Uhrdeckels.</p>
               <p>
                        <lb/>
                  <pb n="233"/> Der Doktor wehrte, bescheiden nießend. »Aber
                  <lb/> lieber Kollege – –«</p>
               <p>
                        <lb/>»Nein, <persName ref="quilippi">Herr Doktor
                  Quilippi</persName>, sagen Sie nicht Kollege zu mir; ich bin dessen nicht
                  <lb/> würdig –«</p>
               <p>
                        <lb/>»Nicht würdig?« rief der Doktor. »Was fällt
                  <lb/> Ihnen ein? Es wäre mir fatal, wenn Sie mich auf der Seite derer glaubten, welche
                  <lb/> Ihre bewährte, rein praktische Heilmethode – –«</p>
               <p>
                        <lb/>»Und doch«, unterbrach
                  <lb/> <persName ref="tretebalg">Tretebalg</persName>, »und doch bin ich im Grunde nur ein
                  <lb/> Quacksalber.«</p>
               <p>
                        <lb/>»Offen gestanden: Ich auch«, sagte der
                  <lb/> Doktor. »Aber eben deswegen müssen wir uns gegenseitig immer an unser Nichtswissen
                  <lb/> und Nichtskönnen erinnern und einig sein in gemeinsamer treuer Stümperei. Und in
                  <lb/> diesem Sinne wollte ich Ihnen diese Uhr –« (<persName ref="tretebalg">Tretebalg</persName> hatte
                  <lb/> sie schon eingesteckt) – »übergeben haben, als Zeichen meiner aufrichtigen
                  <lb/> Verehrung und als schlichtes Andenken an einen Kollegen, der älter und studierter
                  <lb/> als Sie und doch ebenso dumm war.«</p>
               <p>
                        <lb/>»<hi rend="spaced">Ist</hi> – nicht wahr!« rief <persName ref="tretebalg">Tretebalg</persName> begeistert; denn
                  <lb/> er hatte einen Freund gefunden, er hatte in dem früher ihm verhaßten – –</p>
               <p>
                        <lb/>»Ist oder war«, rief der Doktor hüstelnd,
                  <lb/> »wie schnell verwandelt sich das eine in das andere. Aber lassen Sie uns das jetzt
                  <lb/> nicht nahe gehen. Sondern: Auf in den Garten zur Trüffelpastete!«</p>
               <p>
                        <lb/>Nach dem Worte »Trüffelpastete« fiel der
                  <lb/> Doktor hart vom Stuhl. Eine Kugel war ihm vom Fenster her in den Rücken gedrungen.
                  <lb/> »Das Herz!« schrie er, die Hand auf die Brust pressend.</p>
               <p>
                        <lb/>
                  <persName ref="tretebalg">Tretebalg</persName> warf sich –
                  <lb/> riß ihm die Weste – sagte: »Die Lunge!«</p>
               <p>
                        <lb/>»Zwischen Herz und Lunge!« stöhnte der
                  <lb/> Doktor.</p>
               <p>
                        <lb/>»Ja, aber mehr nach den Nieren zu.«</p>
               <p>
                        <lb/>»Wer hat mir das getan?«</p>
               <p>
                        <lb/>»Ja, wer konnte –?«
                  <lb/> <persName ref="tretebalg">Tretebalgen</persName> überlief ein unheimlicher Schauder. Welcher
                  <lb/> Zufall: Zwei Attentate hintereinander auf ein und denselben.</p>
               <p>
                        <lb/>»Wer hat mir das getan?« wimmerte
                  <lb/> <persName ref="quilippi">Quilippi</persName>.</p>
               <p>
                        <lb/>»Ich diesmal nicht!« rief
                  <lb/> <persName ref="tretebalg">Tretebalg</persName> unwillkürlich: »Ich rufe Polizei.«</p>
               <p>
                        <lb/>Der Doktor hielt ihn durch eine schwache
                  <lb/> Bewegung zurück. »Bleiben Sie, es geht zu Ende.«</p>
               <p>
                        <lb/>»Keineswegs! Rühren Sie sich nicht; ich hole
                  <lb/> einen Arzt.«</p>
               <p>
                        <lb/>»Nicht!« flehte
                  <lb/> <persName ref="quilippi">Quilippi</persName>, »Sie sind mein bester Arzt. Ihre Erfolge –«</p>
               <p>
                        <lb/>
                  <pb n="234"/>
                  <persName ref="tretebalg">Tretebalg</persName> fand die Wunde und ließ Speichel
                  <lb/> hineinträufeln.</p>
               <p>
                        <lb/>»Ah, das tut wohl«, sagte
                  <lb/> <persName ref="quilippi">Quilippi</persName> matt lächelnd. Der Naturarzt setzte sich nun mit
                  <lb/> seinem ganzen Gewicht auf die Wunde, um ein Verbluten zu verhindern. »Lache mal!«
                  <lb/> rief er dem Getroffenen zu, aber dieser hatte das Bewußtsein verloren.</p>
               <p>
                        <lb/>
                  <persName ref="tretebalg">Tretebalg</persName> rührte sich
                  <lb/> nicht. Nach sechs Stunden fing der Mann unter ihm zu phantasieren an.
                  <lb/> <persName ref="tretebalg">Tretebalg</persName> hörte jedoch nicht zu, sondern dachte in
                  <lb/> traurigster Zerknirschung an seine eigene Schlechtigkeit, an den gnädigen Ausgang
                  <lb/> seines abscheulichen Anschlages und den unbegreiflichen grausamen Zufall, der nun
                  <lb/> doch diese rührende, einfache Gelehrtengestalt hingestreckt hatte.</p>
               <p>
                        <lb/>Denn nicht konnte <persName ref="tretebalg">Herr
                  Tretebalg</persName> ahnen, daß er just in diesen Stunden auf einem der
                  <lb/> abgefeimtesten Lustmörder saß, der jetzt von drohenden Erinnerungen gepeinigt
                  <lb/> wurde, die jene silberne Uhr betrafen. Diese Uhr hatte <persName ref="quilippi">Dr.
                     Quilippi</persName> in perverser Mordlust so konstruiert und eingestellt, daß
                  <lb/> sie zwölf Stunden nach dem Geburtstagsschmause eine konzentrierte Ladung
                  <lb/> Nitroglyzerin zur Explosion bringen mußte.</p>
               <p>
                        <lb/>Ich will ihm alles gestehen, sagte sich
                  <lb/> <persName ref="tretebalg">Tretebalg</persName>, kniff den Doktor prüfend in die Nase und
                  <lb/> erschrak über die Kälte.</p>
               <p>
                        <lb/>
                  <persName ref="quilippi">Quilippi</persName> erwachte. »Wie
                  <lb/> spät ist es?« keuchte er wild.</p>
               <p>
                        <lb/>»Es geht zu Ende«, sagte
                  <lb/> <persName ref="tretebalg">Tretebalg</persName> sanft, »deswegen möchte –«</p>
               <p>
                        <lb/>»Hören Sie«, stammelte der Doktor und
                  <lb/> richtete sich mit Mühe etwas auf, »ich muß Ihnen –«</p>
               <p>
                        <lb/>Der Naturarzt wehrte ab. »Nicht! Bleiben Sie
                  <lb/> liegen. Ich habe Ihnen etwas –«</p>
               <p>
                        <lb/>Der Doktor winkte heftig. »Andermal! – Jetzt
                  <lb/> – die Uhr – – Hören Sie mich an –«</p>
               <p>
                        <lb/>»Schweig! Lassen Sie mich reden!« drängte
                  <lb/> <persName ref="tretebalg">Tretebalg</persName>.</p>
               <p>
                        <lb/>»Nein, ich muß reden –«</p>
               <p>
                        <lb/>»Erst ich!«</p>
               <p>
                        <lb/>
                  <persName ref="quilippi">Dr. Quilippi</persName> versuchte
                  <lb/> zu schreien. »Ich habe –«</p>
               <p>
                        <lb/>»Ich habe«, überschrie ihn
                  <lb/> <persName ref="tretebalg">Tretebalg</persName> hastig, um den Satz zu Ende zu bringen, »auf Sie
                  <lb/> geschossen!«</p>
               <p>
                        <lb/>
                  <persName ref="quilippi">Quilippi</persName> streckte sich.
                  <lb/> »Sie?? – Wie?? – – Sie?? – Um die Ecke herum??«</p>
               <p>
                        <lb/>Da explodierte die Uhr.</p>
            </div>
         </div>
      </body>
   </text>
</TEI>